S.No,Flight Number,Date,From,To,Aircraft,Flight time,STD,ATD,STA,Unnamed: 10,ATA,Unnamed: 12,Unnamed: 13,__sheet__,dep_delay_min,arr_delay_min
,AI2739,2025-07-25,Mumbai(BOM),Chennai(MAA),A20N(VT-TQA),01:34:00,2025-07-25 09:00:00,2025-07-25 09:28:00,2025-07-25 11:00:00,,2025-07-25 11:02:00,,,9AM - 12PM,28.0,2.0
,AI2739,2025-07-24,Mumbai(BOM),Chennai(MAA),A20N(VT-TNR),01:36:00,2025-07-24 09:00:00,2025-07-24 09:11:00,2025-07-24 11:00:00,,2025-07-24 10:46:00,,,9AM - 12PM,11.0,-14.0
,AI2739,2025-07-23,Mumbai(BOM),Chennai(MAA),A20N(VT-TQJ),01:35:00,2025-07-23 09:00:00,2025-07-23 09:20:00,2025-07-23 11:00:00,,2025-07-23 10:55:00,,,9AM - 12PM,20.0,-5.0
,AI2739,2025-07-22,Mumbai(BOM),Chennai(MAA),A20N(VT-TNF),01:37:00,2025-07-22 09:00:00,2025-07-22 09:17:00,2025-07-22 11:00:00,,2025-07-22 10:54:00,,,9AM - 12PM,17.0,-6.0
,AI2739,2025-07-21,Mumbai(BOM),Chennai(MAA),A20N(VT-TQJ),01:35:00,2025-07-21 09:00:00,2025-07-21 09:40:00,2025-07-21 11:00:00,,2025-07-21 11:14:00,,,9AM - 12PM,40.0,14.0
,AI2739,2025-07-20,Mumbai(BOM),Chennai(MAA),A20N(VT-TNP),01:33:00,2025-07-20 09:00:00,2025-07-20 09:17:00,2025-07-20 11:00:00,,2025-07-20 10:49:00,,,9AM - 12PM,17.0,-11.0
,AI2739,2025-07-19,Mumbai(BOM),Chennai(MAA),A20N(VT-TNZ),01:34:00,2025-07-19 09:00:00,2025-07-19 09:08:00,2025-07-19 11:00:00,,2025-07-19 10:41:00,,,9AM - 12PM,8.0,-19.0
,AI2739,2025-07-19,,,,,,,,,,,,9AM - 12PM,,
2.0,QP1518,2025-07-19,,,,,,,,,,,,9AM - 12PM,,
,QP1518,2025-07-25,Mumbai(BOM),Cochin(COK),B38M(VT-YAB),01:36:00,2025-07-25 09:10:00,2025-07-25 09:41:00,2025-07-25 11:15:00,,2025-07-25 11:17:00,,,9AM - 12PM,31.0,2.0
,QP1518,2025-07-24,Mumbai(BOM),Cochin(COK),B38M(VT-YAP),01:33:00,2025-07-24 09:10:00,2025-07-24 09:21:00,2025-07-24 11:15:00,,2025-07-24 10:54:00,,,9AM - 12PM,11.0,-21.0
,QP1518,2025-07-23,Mumbai(BOM),Cochin(COK),B38M(VT-YAR),01:35:00,2025-07-23 09:10:00,2025-07-23 09:54:00,2025-07-23 11:15:00,,2025-07-23 11:29:00,,,9AM - 12PM,44.0,14.0
,QP1518,2025-07-22,Mumbai(BOM),Cochin(COK),B38M(VT-YBB),01:31:00,2025-07-22 09:10:00,2025-07-22 11:52:00,2025-07-22 11:15:00,,2025-07-22 13:23:00,,,9AM - 12PM,162.0,128.0
,QP1518,2025-07-21,Mumbai(BOM),Cochin(COK),B38M(VT-YAF),01:33:00,2025-07-21 09:10:00,2025-07-21 15:00:00,2025-07-21 11:15:00,,2025-07-21 16:33:00,,,9AM - 12PM,350.0,318.0
,QP1518,2025-07-20,Mumbai(BOM),Cochin(COK),B38M(VT-YAL),01:37:00,2025-07-20 08:50:00,2025-07-20 08:59:00,2025-07-20 10:55:00,,2025-07-20 10:36:00,,,9AM - 12PM,9.0,-19.0
,QP1518,2025-07-19,Mumbai(BOM),Cochin(COK),B38M(VT-YAH),01:31:00,2025-07-19 09:10:00,2025-07-19 09:22:00,2025-07-19 11:15:00,,2025-07-19 10:54:00,,,9AM - 12PM,12.0,-21.0
,QP1518,2025-07-19,,,,,,,,,,,,9AM - 12PM,,
3.0,AI645,2025-07-19,,,,,,,,,,,,9AM - 12PM,,
,AI645,2025-07-25,Mumbai(BOM),Jodhpur(JDH),A319(VT-SCV),01:19:00,2025-07-25 09:15:00,2025-07-25 09:36:00,2025-07-25 11:05:00,,2025-07-25 10:54:00,,,9AM - 12PM,21.0,-11.0
,AI645,2025-07-24,Mumbai(BOM),Jodhpur(JDH),A319(VT-SCF),01:17:00,2025-07-24 09:15:00,2025-07-24 09:44:00,2025-07-24 11:05:00,,2025-07-24 11:01:00,,,9AM - 12PM,29.0,-4.0
,AI645,2025-07-23,Mumbai(BOM),Jodhpur(JDH),A319(VT-SCV),01:22:00,2025-07-23 09:15:00,2025-07-23 10:02:00,2025-07-23 11:05:00,,2025-07-23 11:24:00,,,9AM - 12PM,47.0,19.0
,AI645,2025-07-22,Mumbai(BOM),Jodhpur(JDH),A319(VT-SCF),01:20:00,2025-07-22 09:15:00,2025-07-22 09:27:00,2025-07-22 11:05:00,,2025-07-22 10:47:00,,,9AM - 12PM,12.0,-18.0
,AI645,2025-07-21,Mumbai(BOM),Jodhpur(JDH),A20N(VT-EXQ),01:17:00,2025-07-21 09:15:00,2025-07-21 10:58:00,2025-07-21 11:05:00,,2025-07-21 12:15:00,,,9AM - 12PM,103.0,70.0
,AI645,2025-07-20,Mumbai(BOM),Jodhpur(JDH),A319(VT-SCF),01:22:00,2025-07-20 09:15:00,2025-07-20 09:14:00,2025-07-20 11:05:00,,2025-07-20 10:35:00,,,9AM - 12PM,-1.0,-30.0
,AI645,2025-07-19,Mumbai(BOM),Jodhpur(JDH),A319(VT-SCV),01:15:00,2025-07-19 09:15:00,2025-07-19 09:25:00,2025-07-19 11:05:00,,2025-07-19 10:40:00,,,9AM - 12PM,10.0,-25.0
,AI645,2025-07-19,,,,,,,,,,,,9AM - 12PM,,
4.0,6E6057,2025-07-19,,,,,,,,,,,,9AM - 12PM,,
,6E6057,2025-07-25,Mumbai(BOM),Goa(GOX),A20N(VT-IQZ),00:44:00,2025-07-25 09:15:00,2025-07-25 09:38:00,2025-07-25 10:30:00,,2025-07-25 10:22:00,,,9AM - 12PM,23.0,-8.0
,6E6057,2025-07-24,Mumbai(BOM),Goa(GOX),A20N(VT-IPW),00:46:00,2025-07-24 09:15:00,2025-07-24 09:20:00,2025-07-24 10:30:00,,2025-07-24 10:06:00,,,9AM - 12PM,5.0,-24.0
,6E6057,2025-07-23,Mumbai(BOM),Goa(GOX),A20N(VT-IPW),00:44:00,2025-07-23 09:15:00,2025-07-23 09:49:00,2025-07-23 10:30:00,,2025-07-23 10:33:00,,,9AM - 12PM,34.0,3.0
,6E6057,2025-07-22,Mumbai(BOM),Goa(GOX),A20N(VT-ISS),00:46:00,2025-07-22 09:15:00,2025-07-22 09:23:00,2025-07-22 10:30:00,,2025-07-22 10:09:00,,,9AM - 12PM,8.0,-21.0
,6E6057,2025-07-21,Mumbai(BOM),Goa(GOX),A20N(VT-IXO),00:47:00,2025-07-21 09:15:00,2025-07-21 11:32:00,2025-07-21 10:30:00,,2025-07-21 12:18:00,,,9AM - 12PM,137.0,108.0
,6E6057,2025-07-20,Mumbai(BOM),Goa(GOX),A20N(VT-IQG),00:50:00,2025-07-20 09:15:00,2025-07-20 09:24:00,2025-07-20 10:30:00,,2025-07-20 10:14:00,,,9AM - 12PM,9.0,-16.0
,6E6057,2025-07-19,Mumbai(BOM),Goa(GOX),A20N(VT-IXK),00:45:00,2025-07-19 09:15:00,2025-07-19 09:09:00,2025-07-19 10:30:00,,2025-07-19 09:53:00,,,9AM - 12PM,-6.0,-37.0
,6E6057,2025-07-19,,,,,,,,,,,,9AM - 12PM,,
5.0,AI2863,2025-07-19,,,,,,,,,,,,9AM - 12PM,,
,AI2863,2025-07-25,Mumbai(BOM),Bengaluru(BLR),A20N(VT-TNY),01:23:00,2025-07-25 09:20:00,2025-07-25 09:55:00,2025-07-25 11:00:00,,2025-07-25 11:18:00,,,9AM - 12PM,35.0,18.0
,AI2863,2025-07-24,Mumbai(BOM),Bengaluru(BLR),A20N(VT-TNF),01:22:00,2025-07-24 09:20:00,2025-07-24 09:34:00,2025-07-24 11:00:00,,2025-07-24 10:56:00,,,9AM - 12PM,14.0,-4.0
,AI2863,2025-07-23,Mumbai(BOM),Bengaluru(BLR),A20N(VT-TNQ),01:22:00,2025-07-23 09:20:00,2025-07-23 09:37:00,2025-07-23 11:00:00,,2025-07-23 10:59:00,,,9AM - 12PM,17.0,-1.0
,AI2863,2025-07-22,Mumbai(BOM),Bengaluru(BLR),A20N(VT-TQB),01:17:00,2025-07-22 09:20:00,2025-07-22 09:51:00,2025-07-22 11:00:00,,2025-07-22 11:08:00,,,9AM - 12PM,31.0,8.0
,AI2863,2025-07-21,Mumbai(BOM),Bengaluru(BLR),A20N(VT-TNS),01:21:00,2025-07-21 09:20:00,2025-07-21 10:44:00,2025-07-21 11:00:00,,2025-07-21 12:05:00,,,9AM - 12PM,84.0,65.0
,AI2863,2025-07-20,Mumbai(BOM),Bengaluru(BLR),A20N(VT-TQM),01:21:00,2025-07-20 09:20:00,2025-07-20 09:19:00,2025-07-20 11:00:00,,2025-07-20 10:40:00,,,9AM - 12PM,-1.0,-20.0
,AI2863,2025-07-19,Mumbai(BOM),Bengaluru(BLR),A20N(VT-TQR),01:18:00,2025-07-19 09:20:00,2025-07-19 09:27:00,2025-07-19 11:00:00,,2025-07-19 10:44:00,,,9AM - 12PM,7.0,-16.0
,AI2863,2025-07-19,,,,,,,,,,,,9AM - 12PM,,
6.0,AI2960,2025-07-19,,,,,,,,,,,,9AM - 12PM,,
,AI2960,2025-07-25,Mumbai(BOM),Delhi(DEL),A20N(VT-RTU),01:51:00,2025-07-25 09:25:00,2025-07-25 09:49:00,2025-07-25 11:40:00,,2025-07-25 11:40:00,,,9AM - 12PM,24.0,0.0
,AI2960,2025-07-24,Mumbai(BOM),Delhi(DEL),A20N(VT-TQL),01:43:00,2025-07-24 09:25:00,2025-07-24 09:41:00,2025-07-24 11:40:00,,2025-07-24 11:25:00,,,9AM - 12PM,16.0,-15.0
,AI2960,2025-07-23,Mumbai(BOM),Delhi(DEL),A20N(VT-TNW),01:43:00,2025-07-23 09:25:00,2025-07-23 09:46:00,2025-07-23 11:40:00,,2025-07-23 11:30:00,,,9AM - 12PM,21.0,-10.0
,AI2960,2025-07-22,Mumbai(BOM),Delhi(DEL),A20N(VT-RIO),01:53:00,2025-07-22 09:25:00,2025-07-22 09:33:00,2025-07-22 11:40:00,,2025-07-22 11:26:00,,,9AM - 12PM,8.0,-14.0
,AI2960,2025-07-21,Mumbai(BOM),Delhi(DEL),A20N(VT-EXG),01:45:00,2025-07-21 09:25:00,2025-07-21 10:36:00,2025-07-21 11:40:00,,2025-07-21 12:21:00,,,9AM - 12PM,71.0,41.0
,AI2960,2025-07-20,Mumbai(BOM),Delhi(DEL),A20N(VT-RTJ),01:47:00,2025-07-20 09:25:00,2025-07-20 09:32:00,2025-07-20 11:40:00,,2025-07-20 11:19:00,,,9AM - 12PM,7.0,-21.0
,AI2960,2025-07-19,Mumbai(BOM),Delhi(DEL),A20N(VT-RTZ),01:42:00,2025-07-19 09:25:00,2025-07-19 09:37:00,2025-07-19 11:40:00,,2025-07-19 11:19:00,,,9AM - 12PM,12.0,-21.0
,AI2960,2025-07-19,,,,,,,,,,,,9AM - 12PM,,
7.0,BA134,2025-07-19,,,,,,,,,,,,9AM - 12PM,,
,BA134,2025-07-24,Mumbai(BOM),London(LHR),B772(G-YMMS),08:52:00,2025-07-24 09:30:00,2025-07-24 09:56:00,2025-07-24 14:55:00,,2025-07-24 14:17:00,,,9AM - 12PM,26.0,-38.0
,BA134,2025-07-23,Mumbai(BOM),London(LHR),B772(G-YMMG),08:59:00,2025-07-23 09:30:00,2025-07-23 09:57:00,2025-07-23 14:55:00,,2025-07-23 14:26:00,,,9AM - 12PM,27.0,-29.0
,BA134,2025-07-22,Mumbai(BOM),London(LHR),B772(G-YMMT),08:58:00,2025-07-22 09:30:00,2025-07-22 12:20:00,2025-07-22 14:55:00,,2025-07-22 16:48:00,,,9AM - 12PM,170.0,113.0
,BA134,2025-07-21,Mumbai(BOM),London(LHR),B772(G-YMMT),08:51:00,2025-07-21 09:30:00,2025-07-21 12:55:00,2025-07-21 14:55:00,,2025-07-21 17:16:00,,,9AM - 12PM,205.0,141.0
,BA134,2025-07-20,Mumbai(BOM),London(LHR),B772(G-YMMU),09:28:00,2025-07-20 09:30:00,2025-07-20 09:42:00,2025-07-20 14:55:00,,2025-07-20 14:40:00,,,9AM - 12PM,12.0,-15.0
,BA134,2025-07-19,Mumbai(BOM),London(LHR),B772(G-YMMU),09:10:00,2025-07-19 09:30:00,2025-07-19 09:55:00,2025-07-19 14:55:00,,2025-07-19 14:34:00,,,9AM - 12PM,25.0,-21.0
,BA134,2025-07-18,Mumbai(BOM),London(LHR),B772(G-YMMI),09:06:00,2025-07-18 09:30:00,2025-07-18 09:41:00,2025-07-18 14:55:00,,2025-07-18 14:16:00,,,9AM - 12PM,11.0,-39.0
,BA134,2025-07-18,,,,,,,,,,,,9AM - 12PM,,
8.0,S5161,2025-07-18,,,,,,,,,,,,9AM - 12PM,,
,S5161,2025-07-25,Mumbai(BOM),Kolhapur(KLH),E75L(VT-GSI),00:41:00,2025-07-25 09:30:00,2025-07-25 10:05:00,2025-07-25 10:35:00,,2025-07-25 10:46:00,,,9AM - 12PM,35.0,11.0
,S5161,2025-07-24,Mumbai(BOM),Kolhapur(KLH),E75L(VT-GSI),00:48:00,2025-07-24 09:30:00,2025-07-24 09:26:00,2025-07-24 10:35:00,,2025-07-24 10:14:00,,,9AM - 12PM,-4.0,-21.0
,S5161,2025-07-23,Mumbai(BOM),Kolhapur(KLH),E75L(VT-GSI),00:43:00,2025-07-23 09:30:00,2025-07-23 09:41:00,2025-07-23 10:35:00,,2025-07-23 10:25:00,,,9AM - 12PM,11.0,-10.0
,S5161,2025-07-22,Mumbai(BOM),Kolhapur(KLH),E75L(VT-GSI),00:39:00,2025-07-22 09:30:00,2025-07-22 09:54:00,2025-07-22 10:35:00,,2025-07-22 10:33:00,,,9AM - 12PM,24.0,-2.0
,S5161,2025-07-21,Mumbai(BOM),Kolhapur(KLH),E75L(VT-GSI),00:39:00,2025-07-21 09:30:00,2025-07-21 13:03:00,2025-07-21 10:35:00,,2025-07-21 13:42:00,,,9AM - 12PM,213.0,187.0
,S5161,2025-07-20,Mumbai(BOM),Kolhapur(KLH),E75L(VT-GSI),00:43:00,2025-07-20 09:30:00,2025-07-20 10:36:00,2025-07-20 10:35:00,,2025-07-20 11:19:00,,,9AM - 12PM,66.0,44.0
,S5161,2025-07-19,Mumbai(BOM),Kolhapur(KLH),E75L(VT-GSI),00:42:00,2025-07-19 09:30:00,2025-07-19 09:38:00,2025-07-19 10:35:00,,2025-07-19 10:20:00,,,9AM - 12PM,8.0,-15.0
,S5161,2025-07-19,,,,,,,,,,,,9AM - 12PM,,
9.0,6E1305,2025-07-19,,,,,,,,,,,,9AM - 12PM,,
,6E1305,2025-07-25,Mumbai(BOM),Doha(DOH),B38M(A7-BSA),02:52:00,2025-07-25 09:35:00,2025-07-25 09:58:00,2025-07-25 10:35:00,,2025-07-25 10:20:00,,,9AM - 12PM,23.0,-15.0
,6E1305,2025-07-24,Mumbai(BOM),Doha(DOH),B38M(A7-BSE),02:54:00,2025-07-24 09:35:00,2025-07-24 09:48:00,2025-07-24 10:35:00,,2025-07-24 10:12:00,,,9AM - 12PM,13.0,-23.0
,6E1305,2025-07-23,Mumbai(BOM),Doha(DOH),B38M(A7-BSE),02:49:00,2025-07-23 09:35:00,2025-07-23 09:53:00,2025-07-23 10:35:00,,2025-07-23 10:13:00,,,9AM - 12PM,18.0,-22.0
,6E1305,2025-07-22,Mumbai(BOM),Doha(DOH),B38M(A7-BSE),02:51:00,2025-07-22 09:35:00,2025-07-22 11:10:00,2025-07-22 10:35:00,,2025-07-22 11:31:00,,,9AM - 12PM,95.0,56.0
,6E1305,2025-07-21,Mumbai(BOM),Doha(DOH),A20N(VT-IXH),02:47:00,2025-07-21 09:35:00,2025-07-21 15:57:00,2025-07-21 10:35:00,,2025-07-21 16:14:00,,,9AM - 12PM,382.0,339.0
,6E1305,2025-07-20,Mumbai(BOM),Doha(DOH),B38M(A7-BSE),02:51:00,2025-07-20 09:35:00,2025-07-20 09:47:00,2025-07-20 10:35:00,,2025-07-20 10:07:00,,,9AM - 12PM,12.0,-28.0
,6E1305,2025-07-19,Mumbai(BOM),Doha(DOH),B38M(A7-BSE),02:52:00,2025-07-19 09:35:00,2025-07-19 09:46:00,2025-07-19 10:35:00,,2025-07-19 10:08:00,,,9AM - 12PM,11.0,-27.0
,6E1305,2025-07-19,,,,,,,,,,,,9AM - 12PM,,
10.0,AI2663,2025-07-19,,,,,,,,,,,,9AM - 12PM,,
,AI2663,2025-07-25,Mumbai(BOM),Srinagar(SXR),A20N(VT-TQS),02:16:00,2025-07-25 09:40:00,2025-07-25 10:20:00,2025-07-25 12:40:00,,2025-07-25 12:36:00,,,9AM - 12PM,40.0,-4.0
,AI2663,2025-07-24,Mumbai(BOM),Srinagar(SXR),A20N(VT-TQM),02:22:00,2025-07-24 09:40:00,2025-07-24 09:54:00,2025-07-24 12:40:00,,2025-07-24 12:16:00,,,9AM - 12PM,14.0,-24.0
,AI2663,2025-07-23,Mumbai(BOM),Srinagar(SXR),A20N(VT-TQA),02:15:00,2025-07-23 09:40:00,2025-07-23 09:59:00,2025-07-23 12:40:00,,2025-07-23 12:14:00,,,9AM - 12PM,19.0,-26.0
,AI2663,2025-07-22,Mumbai(BOM),Srinagar(SXR),A20N(VT-TNC),02:21:00,2025-07-22 09:40:00,2025-07-22 09:48:00,2025-07-22 12:40:00,,2025-07-22 12:09:00,,,9AM - 12PM,8.0,-31.0
,AI2663,2025-07-21,Mumbai(BOM),Srinagar(SXR),A20N(VT-TNF),02:23:00,2025-07-21 09:40:00,2025-07-21 11:45:00,2025-07-21 12:40:00,,2025-07-21 14:08:00,,,9AM - 12PM,125.0,88.0
,AI2663,2025-07-20,Mumbai(BOM),Srinagar(SXR),A20N(VT-TQT),02:21:00,2025-07-20 09:40:00,2025-07-20 09:51:00,2025-07-20 12:40:00,,2025-07-20 12:12:00,,,9AM - 12PM,11.0,-28.0
,AI2663,2025-07-19,Mumbai(BOM),Srinagar(SXR),A20N(VT-TNQ),02:21:00,2025-07-19 09:40:00,2025-07-19 09:42:00,2025-07-19 12:40:00,,2025-07-19 12:02:00,,,9AM - 12PM,2.0,-38.0
,AI2663,2025-07-19,,,,,,,,,,,,9AM - 12PM,,
11.0,6E1115,2025-07-19,,,,,,,,,,,,9AM - 12PM,,
,6E1115,2025-07-25,Mumbai(BOM),Dhaka(DAC),A21N(VT-IML),02:41:00,2025-07-25 09:40:00,2025-07-25 10:45:00,2025-07-25 13:10:00,,2025-07-25 13:56:00,,,9AM - 12PM,65.0,46.0
,6E1115,2025-07-24,Mumbai(BOM),Dhaka(DAC),A21N(VT-IMZ),02:43:00,2025-07-24 09:40:00,2025-07-24 10:24:00,2025-07-24 13:10:00,,2025-07-24 13:36:00,,,9AM - 12PM,44.0,26.0
,6E1115,2025-07-23,Mumbai(BOM),Dhaka(DAC),A21N(VT-IBW),02:35:00,2025-07-23 09:40:00,2025-07-23 10:37:00,2025-07-23 13:10:00,,2025-07-23 13:42:00,,,9AM - 12PM,57.0,32.0
,6E1115,2025-07-22,Mumbai(BOM),Dhaka(DAC),A21N(VT-ICG),02:42:00,2025-07-22 09:40:00,2025-07-22 10:23:00,2025-07-22 13:10:00,,2025-07-22 13:35:00,,,9AM - 12PM,43.0,25.0
,6E1115,2025-07-21,Mumbai(BOM),Dhaka(DAC),A21N(VT-ICY),02:52:00,2025-07-21 09:40:00,2025-07-21 12:23:00,2025-07-21 13:10:00,,2025-07-21 15:45:00,,,9AM - 12PM,163.0,155.0
,6E1115,2025-07-20,Mumbai(BOM),Dhaka(DAC),A21N(VT-ICY),02:32:00,2025-07-20 09:40:00,2025-07-20 09:58:00,2025-07-20 13:10:00,,2025-07-20 13:00:00,,,9AM - 12PM,18.0,-10.0
,6E1115,2025-07-19,Mumbai(BOM),Dhaka(DAC),A21N(VT-IBJ),02:36:00,2025-07-19 09:40:00,2025-07-19 10:00:00,2025-07-19 13:10:00,,2025-07-19 13:05:00,,,9AM - 12PM,20.0,-5.0
,6E1115,2025-07-19,,,,,,,,,,,,9AM - 12PM,,
,6E1115,2025-07-19,,,,,,,,,,,,9AM - 12PM,,
12.0,6E2264,2025-07-19,,,,,,,,,,,,9AM - 12PM,,
,6E2264,2025-07-25,Mumbai(BOM),Chandigarh(IXC),A320(VT-IFP),01:49:00,2025-07-25 09:40:00,2025-07-25 09:59:00,2025-07-25 11:55:00,,2025-07-25 11:48:00,,,9AM - 12PM,19.0,-7.0
,6E2264,2025-07-24,Mumbai(BOM),Chandigarh(IXC),A20N(VT-IZE),02:03:00,2025-07-24 09:40:00,2025-07-24 10:01:00,2025-07-24 11:55:00,,2025-07-24 12:04:00,,,9AM - 12PM,21.0,9.0
,6E2264,2025-07-23,Mumbai(BOM),Chandigarh(IXC),A20N(VT-IIM),02:01:00,2025-07-23 09:40:00,2025-07-23 10:05:00,2025-07-23 11:55:00,,2025-07-23 12:06:00,,,9AM - 12PM,25.0,11.0
,6E2264,2025-07-22,Mumbai(BOM),Chandigarh(IXC),A20N(VT-IIX),01:50:00,2025-07-22 09:40:00,2025-07-22 10:12:00,2025-07-22 11:55:00,,2025-07-22 12:02:00,,,9AM - 12PM,32.0,7.0
,6E2264,2025-07-21,Mumbai(BOM),Chandigarh(IXC),A20N(VT-IIU),01:54:00,2025-07-21 09:40:00,2025-07-21 12:42:00,2025-07-21 11:55:00,,2025-07-21 14:36:00,,,9AM - 12PM,182.0,161.0
,6E2264,2025-07-20,Mumbai(BOM),Amritsar(ATQ),A320(VT-IFK),01:52:00,2025-07-20 09:40:00,2025-07-20 10:03:00,2025-07-20 11:55:00,,2025-07-20 11:55:00,,,9AM - 12PM,23.0,0.0
,6E2264,2025-07-19,Mumbai(BOM),Chandigarh(IXC),A20N(VT-IJX),01:54:00,2025-07-19 09:40:00,2025-07-19 09:52:00,2025-07-19 11:55:00,,2025-07-19 11:46:00,,,9AM - 12PM,12.0,-9.0
,6E2264,2025-07-19,,,,,,,,,,,,9AM - 12PM,,
13.0,AI2579,2025-07-19,,,,,,,,,,,,9AM - 12PM,,
,AI2579,2025-07-25,Mumbai(BOM),Udaipur(UDR),A20N(VT-CIO),01:02:00,2025-07-25 09:45:00,2025-07-25 11:02:00,2025-07-25 11:15:00,,2025-07-25 12:04:00,,,9AM - 12PM,77.0,49.0
,AI2579,2025-07-24,Mumbai(BOM),Udaipur(UDR),A20N(VT-TYC),01:03:00,2025-07-24 09:45:00,2025-07-24 10:22:00,2025-07-24 11:15:00,,2025-07-24 11:25:00,,,9AM - 12PM,37.0,10.0
,AI2579,2025-07-23,Mumbai(BOM),Udaipur(UDR),A20N(VT-TYB),01:07:00,2025-07-23 09:45:00,2025-07-23 10:32:00,2025-07-23 11:15:00,,2025-07-23 11:39:00,,,9AM - 12PM,47.0,24.0
,AI2579,2025-07-22,Mumbai(BOM),Udaipur(UDR),A20N(VT-TYB),01:06:00,2025-07-22 09:45:00,2025-07-22 10:25:00,2025-07-22 11:15:00,,2025-07-22 11:31:00,,,9AM - 12PM,40.0,16.0
,AI2579,2025-07-21,Mumbai(BOM),Udaipur(UDR),A20N(VT-TYB),01:03:00,2025-07-21 09:45:00,2025-07-21 14:16:00,2025-07-21 11:15:00,,2025-07-21 15:19:00,,,9AM - 12PM,271.0,244.0
,AI2579,2025-07-20,Mumbai(BOM),Udaipur(UDR),A20N(VT-TYB),01:05:00,2025-07-20 09:45:00,2025-07-20 10:05:00,2025-07-20 11:15:00,,2025-07-20 11:10:00,,,9AM - 12PM,20.0,-5.0
,AI2579,2025-07-19,Mumbai(BOM),Udaipur(UDR),A20N(VT-TYE),01:17:00,2025-07-19 09:45:00,2025-07-19 10:36:00,2025-07-19 11:15:00,,2025-07-19 11:53:00,,,9AM - 12PM,51.0,38.0
,AI2579,2025-07-19,,,,,,,,,,,,9AM - 12PM,,
14.0,6E5092,2025-07-19,,,,,,,,,,,,9AM - 12PM,,
,6E5092,2025-07-25,Mumbai(BOM),Bengaluru(BLR),A21N(VT-NCC),01:25:00,2025-07-25 09:50:00,2025-07-25 10:03:00,2025-07-25 12:00:00,,2025-07-25 11:28:00,,,9AM - 12PM,13.0,-32.0
,6E5092,2025-07-24,Mumbai(BOM),Bengaluru(BLR),A21N(VT-NCE),01:21:00,2025-07-24 09:50:00,2025-07-24 09:49:00,2025-07-24 12:00:00,,2025-07-24 11:10:00,,,9AM - 12PM,-1.0,-50.0
,6E5092,2025-07-23,Mumbai(BOM),Bengaluru(BLR),A21N(VT-NCE),01:21:00,2025-07-23 09:50:00,2025-07-23 10:06:00,2025-07-23 12:00:00,,2025-07-23 11:27:00,,,9AM - 12PM,16.0,-33.0
,6E5092,2025-07-22,Mumbai(BOM),Bengaluru(BLR),A21N(VT-NCQ),01:15:00,2025-07-22 09:50:00,2025-07-22 09:57:00,2025-07-22 12:00:00,,2025-07-22 11:12:00,,,9AM - 12PM,7.0,-48.0
,6E5092,2025-07-21,Mumbai(BOM),Bengaluru(BLR),A21N(VT-NCD),01:26:00,2025-07-21 09:50:00,2025-07-21 11:08:00,2025-07-21 12:00:00,,2025-07-21 12:33:00,,,9AM - 12PM,78.0,33.0
,6E5092,2025-07-20,Mumbai(BOM),Bengaluru(BLR),A21N(VT-NCD),01:18:00,2025-07-20 09:50:00,2025-07-20 10:01:00,2025-07-20 12:00:00,,2025-07-20 11:19:00,,,9AM - 12PM,11.0,-41.0
,6E5092,2025-07-19,Mumbai(BOM),Bengaluru(BLR),A21N(VT-IWV),01:21:00,2025-07-19 09:50:00,2025-07-19 10:06:00,2025-07-19 12:00:00,,2025-07-19 11:27:00,,,9AM - 12PM,16.0,-33.0
,6E5092,2025-07-19,,,,,,,,,,,,9AM - 12PM,,
15.0,6E5313,2025-07-19,,,,,,,,,,,,9AM - 12PM,,
,6E5313,2025-07-25,Mumbai(BOM),Chennai(MAA),A21N(VT-ILD),01:34:00,2025-07-25 09:55:00,2025-07-25 10:35:00,2025-07-25 12:00:00,,2025-07-25 12:09:00,,,9AM - 12PM,40.0,9.0
,6E5313,2025-07-24,Mumbai(BOM),Chennai(MAA),A21N(VT-IBJ),01:32:00,2025-07-24 09:55:00,2025-07-24 10:07:00,2025-07-24 12:00:00,,2025-07-24 11:39:00,,,9AM - 12PM,12.0,-21.0
,6E5313,2025-07-23,Mumbai(BOM),Chennai(MAA),A21N(VT-IME),01:34:00,2025-07-23 09:55:00,2025-07-23 10:09:00,2025-07-23 12:00:00,,2025-07-23 11:44:00,,,9AM - 12PM,14.0,-16.0
,6E5313,2025-07-22,Mumbai(BOM),Chennai(MAA),A21N(VT-ICQ),01:36:00,2025-07-22 09:55:00,2025-07-22 10:07:00,2025-07-22 12:00:00,,2025-07-22 11:42:00,,,9AM - 12PM,12.0,-18.0
,6E5313,2025-07-21,Mumbai(BOM),Chennai(MAA),A21N(VT-ILH),01:31:00,2025-07-21 09:55:00,2025-07-21 12:44:00,2025-07-21 12:00:00,,2025-07-21 14:15:00,,,9AM - 12PM,169.0,135.0
,6E5313,2025-07-20,Mumbai(BOM),Chennai(MAA),A21N(VT-ICQ),01:35:00,2025-07-20 09:55:00,2025-07-20 10:16:00,2025-07-20 12:00:00,,2025-07-20 11:50:00,,,9AM - 12PM,21.0,-10.0
,6E5313,2025-07-19,Mumbai(BOM),Chennai(MAA),A21N(VT-ICC),01:31:00,2025-07-19 09:55:00,2025-07-19 09:57:00,2025-07-19 12:00:00,,2025-07-19 11:27:00,,,9AM - 12PM,2.0,-33.0
,6E5313,2025-07-19,,,,,,,,,,,,9AM - 12PM,,
16.0,AI2430,2025-07-19,,,,,,,,,,,,9AM - 12PM,,
,AI2430,2025-07-25,Mumbai(BOM),Delhi(DEL),A20N(VT-ATV),01:49:00,2025-07-25 10:00:00,2025-07-25 10:22:00,2025-07-25 12:15:00,,2025-07-25 12:11:00,,,9AM - 12PM,22.0,-4.0
,AI2430,2025-07-24,Mumbai(BOM),Delhi(DEL),A20N(VT-TNE),01:42:00,2025-07-24 10:00:00,2025-07-24 10:18:00,2025-07-24 12:15:00,,2025-07-24 12:00:00,,,9AM - 12PM,18.0,-15.0
,AI2430,2025-07-23,Mumbai(BOM),Delhi(DEL),A20N(VT-TNI),01:43:00,2025-07-23 10:00:00,2025-07-23 10:17:00,2025-07-23 12:15:00,,2025-07-23 12:00:00,,,9AM - 12PM,17.0,-15.0
,AI2430,2025-07-22,Mumbai(BOM),Delhi(DEL),A20N(VT-TNK),02:09:00,2025-07-22 10:00:00,2025-07-22 10:14:00,2025-07-22 12:15:00,,2025-07-22 12:23:00,,,9AM - 12PM,14.0,8.0
,AI2430,2025-07-21,Mumbai(BOM),Delhi(DEL),A20N(VT-TQO),01:42:00,2025-07-21 10:00:00,2025-07-21 12:03:00,2025-07-21 12:15:00,,2025-07-21 13:45:00,,,9AM - 12PM,123.0,90.0
,AI2430,2025-07-20,Mumbai(BOM),Delhi(DEL),A20N(VT-TQN),01:42:00,2025-07-20 10:00:00,2025-07-20 10:08:00,2025-07-20 12:15:00,,2025-07-20 11:50:00,,,9AM - 12PM,8.0,-25.0
,AI2430,2025-07-19,Mumbai(BOM),Delhi(DEL),A20N(VT-TQK),01:46:00,2025-07-19 10:00:00,2025-07-19 10:10:00,2025-07-19 12:15:00,,2025-07-19 11:56:00,,,9AM - 12PM,10.0,-19.0
,AI2430,2025-07-19,,,,,,,,,,,,9AM - 12PM,,
17.0,6E5165,2025-07-19,,,,,,,,,,,,9AM - 12PM,,
,6E5165,2025-07-25,Mumbai(BOM),Kolkata(CCU),A21N(VT-IUO),02:29:00,2025-07-25 10:05:00,2025-07-25 10:48:00,2025-07-25 12:55:00,,2025-07-25 13:18:00,,,9AM - 12PM,43.0,23.0
,6E5165,2025-07-24,Mumbai(BOM),Kolkata(CCU),A21N(VT-ICI),02:22:00,2025-07-24 10:05:00,2025-07-24 10:14:00,2025-07-24 12:55:00,,2025-07-24 12:36:00,,,9AM - 12PM,9.0,-19.0
,6E5165,2025-07-23,Mumbai(BOM),Kolkata(CCU),A21N(VT-IMI),02:21:00,2025-07-23 10:05:00,2025-07-23 10:21:00,2025-07-23 12:55:00,,2025-07-23 12:42:00,,,9AM - 12PM,16.0,-13.0
,6E5165,2025-07-22,Mumbai(BOM),Kolkata(CCU),A21N(VT-ICC),02:20:00,2025-07-22 10:05:00,2025-07-22 10:17:00,2025-07-22 12:55:00,,2025-07-22 12:37:00,,,9AM - 12PM,12.0,-18.0
,6E5165,2025-07-21,Mumbai(BOM),Kolkata(CCU),A21N(VT-ICT),02:24:00,2025-07-21 10:05:00,2025-07-21 11:26:00,2025-07-21 12:55:00,,2025-07-21 13:51:00,,,9AM - 12PM,81.0,56.0
,6E5165,2025-07-20,Mumbai(BOM),Kolkata(CCU),A21N(VT-ILI),02:25:00,2025-07-20 10:05:00,2025-07-20 10:10:00,2025-07-20 12:55:00,,2025-07-20 12:36:00,,,9AM - 12PM,5.0,-19.0
,6E5165,2025-07-19,Mumbai(BOM),Kolkata(CCU),A21N(VT-ILV),02:24:00,2025-07-19 10:05:00,2025-07-19 10:27:00,2025-07-19 12:55:00,,2025-07-19 12:50:00,,,9AM - 12PM,22.0,-5.0
,6E5165,2025-07-19,,,,,,,,,,,,9AM - 12PM,,
18.0,AI2107,2025-07-19,,,,,,,,,,,,9AM - 12PM,,
,AI2107,2025-07-25,Mumbai(BOM),Singapore(SIN),A20N(VT-TQF),05:34:00,2025-07-25 10:05:00,2025-07-25 10:29:00,2025-07-25 18:30:00,,2025-07-25 18:33:00,,,9AM - 12PM,24.0,3.0
,AI2107,2025-07-24,Mumbai(BOM),Singapore(SIN),A20N(VT-TQF),05:29:00,2025-07-24 10:05:00,2025-07-24 10:06:00,2025-07-24 18:30:00,,2025-07-24 18:05:00,,,9AM - 12PM,1.0,-25.0
,AI2107,2025-07-23,Mumbai(BOM),Singapore(SIN),A21N(VT-TVF),05:24:00,2025-07-23 10:05:00,2025-07-23 10:24:00,2025-07-23 18:30:00,,2025-07-23 18:17:00,,,9AM - 12PM,19.0,-13.0
,AI2107,2025-07-22,Mumbai(BOM),Singapore(SIN),A21N(VT-TVF),05:20:00,2025-07-22 10:05:00,2025-07-22 10:37:00,2025-07-22 18:30:00,,2025-07-22 18:26:00,,,9AM - 12PM,32.0,-4.0
,AI2107,2025-07-21,Mumbai(BOM),Singapore(SIN),A21N(VT-TVF),05:14:00,2025-07-21 10:05:00,2025-07-21 12:04:00,2025-07-21 18:30:00,,2025-07-21 19:48:00,,,9AM - 12PM,119.0,78.0
,AI2107,2025-07-20,Mumbai(BOM),Singapore(SIN),A21N(VT-TVF),05:27:00,2025-07-20 10:05:00,2025-07-20 12:02:00,2025-07-20 18:30:00,,2025-07-20 19:59:00,,,9AM - 12PM,117.0,89.0
,AI2107,2025-07-19,Mumbai(BOM),Singapore(SIN),A21N(VT-TVD),05:49:00,2025-07-19 09:15:00,2025-07-19 09:31:00,2025-07-19 17:40:00,,2025-07-19 17:49:00,,,9AM - 12PM,16.0,9.0
,AI2107,2025-07-19,,,,,,,,,,,,9AM - 12PM,,
19.0,AI2877,2025-07-19,,,,,,,,,,,,9AM - 12PM,,
,AI2877,2025-07-25,Mumbai(BOM),Hyderabad(HYD),A20N(VT-TQE),01:06:00,2025-07-25 10:05:00,2025-07-25 10:32:00,2025-07-25 11:35:00,,2025-07-25 11:38:00,,,9AM - 12PM,27.0,3.0
,AI2877,2025-07-24,Mumbai(BOM),Hyderabad(HYD),A20N(VT-TQA),01:09:00,2025-07-24 10:05:00,2025-07-24 10:25:00,2025-07-24 11:35:00,,2025-07-24 11:35:00,,,9AM - 12PM,20.0,0.0
,AI2877,2025-07-23,Mumbai(BOM),Hyderabad(HYD),A20N(VT-TQU),01:04:00,2025-07-23 10:05:00,2025-07-23 10:35:00,2025-07-23 11:35:00,,2025-07-23 11:38:00,,,9AM - 12PM,30.0,3.0
,AI2877,2025-07-22,Mumbai(BOM),Hyderabad(HYD),A20N(VT-TQK),01:09:00,2025-07-22 10:05:00,2025-07-22 10:40:00,2025-07-22 11:35:00,,2025-07-22 11:49:00,,,9AM - 12PM,35.0,14.0
,AI2877,2025-07-21,Mumbai(BOM),Hyderabad(HYD),A20N(VT-TQM),01:06:00,2025-07-21 10:05:00,2025-07-21 12:09:00,2025-07-21 11:35:00,,2025-07-21 13:15:00,,,9AM - 12PM,124.0,100.0
,AI2877,2025-07-20,Mumbai(BOM),Hyderabad(HYD),A20N(VT-TQK),01:02:00,2025-07-20 10:05:00,2025-07-20 10:18:00,2025-07-20 11:35:00,,2025-07-20 11:20:00,,,9AM - 12PM,13.0,-15.0
,AI2877,2025-07-19,Mumbai(BOM),Hyderabad(HYD),A20N(VT-TNJ),01:07:00,2025-07-19 10:05:00,2025-07-19 10:20:00,2025-07-19 11:35:00,,2025-07-19 11:27:00,,,9AM - 12PM,15.0,-8.0
,AI2877,2025-07-19,,,,,,,,,,,,9AM - 12PM,,
20.0,6E791,2025-07-19,,,,,,,,,,,,9AM - 12PM,,
,6E791,2025-07-25,Mumbai(BOM),Jabalpur(JLR),A20N(VT-ISP),01:25:00,2025-07-25 10:10:00,2025-07-25 10:53:00,2025-07-25 12:05:00,,2025-07-25 12:18:00,,,9AM - 12PM,43.0,13.0
,6E791,2025-07-24,Mumbai(BOM),Jabalpur(JLR),A20N(VT-IQG),01:22:00,2025-07-24 10:10:00,2025-07-24 10:28:00,2025-07-24 12:05:00,,2025-07-24 11:50:00,,,9AM - 12PM,18.0,-15.0
,6E791,2025-07-23,Mumbai(BOM),Jabalpur(JLR),A20N(VT-IIL),01:35:00,2025-07-23 10:10:00,2025-07-23 10:14:00,2025-07-23 12:05:00,,2025-07-23 11:49:00,,,9AM - 12PM,4.0,-16.0
,6E791,2025-07-22,Mumbai(BOM),Jabalpur(JLR),A20N(VT-IIE),01:30:00,2025-07-22 10:10:00,2025-07-22 10:31:00,2025-07-22 12:05:00,,2025-07-22 12:01:00,,,9AM - 12PM,21.0,-4.0
,6E791,2025-07-21,Mumbai(BOM),Jabalpur(JLR),A20N(VT-ITR),01:27:00,2025-07-21 10:10:00,2025-07-21 12:31:00,2025-07-21 12:05:00,,2025-07-21 13:58:00,,,9AM - 12PM,141.0,113.0
,6E791,2025-07-20,Mumbai(BOM),Jabalpur(JLR),A320(VT-IFN),01:29:00,2025-07-20 10:10:00,2025-07-20 10:20:00,2025-07-20 12:05:00,,2025-07-20 11:49:00,,,9AM - 12PM,10.0,-16.0
,6E791,2025-07-19,Mumbai(BOM),Jabalpur(JLR),A20N(VT-ITR),01:15:00,2025-07-19 10:10:00,2025-07-19 10:03:00,2025-07-19 12:05:00,,2025-07-19 11:18:00,,,9AM - 12PM,-7.0,-47.0
,6E791,2025-07-19,,,,,,,,,,,,9AM - 12PM,,
21.0,EK505,2025-07-19,,,,,,,,,,,,9AM - 12PM,,
,EK505,2025-07-25,Mumbai(BOM),Dubai(DXB),B77W(A6-EGK),02:27:00,2025-07-25 10:15:00,2025-07-25 10:50:00,2025-07-25 11:45:00,,2025-07-25 11:47:00,,,9AM - 12PM,35.0,2.0
,EK505,2025-07-24,Mumbai(BOM),Dubai(DXB),B77W(A6-EGX),02:15:00,2025-07-24 10:15:00,2025-07-24 10:36:00,2025-07-24 11:45:00,,2025-07-24 11:21:00,,,9AM - 12PM,21.0,-24.0
,EK505,2025-07-23,Mumbai(BOM),Dubai(DXB),B77W(A6-ENG),02:25:00,2025-07-23 10:15:00,2025-07-23 10:42:00,2025-07-23 11:45:00,,2025-07-23 11:38:00,,,9AM - 12PM,27.0,-7.0
,EK505,2025-07-22,Mumbai(BOM),Dubai(DXB),B77W(A6-EGO),02:21:00,2025-07-22 10:15:00,2025-07-22 10:48:00,2025-07-22 11:45:00,,2025-07-22 11:39:00,,,9AM - 12PM,33.0,-6.0
,EK505,2025-07-21,Mumbai(BOM),Dubai(DXB),B77L(A6-EWF),02:16:00,2025-07-21 10:15:00,2025-07-21 12:47:00,2025-07-21 11:45:00,,2025-07-21 13:32:00,,,9AM - 12PM,152.0,107.0
,EK505,2025-07-20,Mumbai(BOM),Dubai(DXB),B77W(A6-EGP),02:22:00,2025-07-20 10:15:00,2025-07-20 10:34:00,2025-07-20 11:45:00,,2025-07-20 11:26:00,,,9AM - 12PM,19.0,-19.0
,EK505,2025-07-19,Mumbai(BOM),Dubai(DXB),B77W(A6-EPF),02:30:00,2025-07-19 10:15:00,2025-07-19 10:53:00,2025-07-19 11:45:00,,2025-07-19 11:54:00,,,9AM - 12PM,38.0,9.0
,EK505,2025-07-19,,,,,,,,,,,,9AM - 12PM,,
22.0,AI695,2025-07-19,,,,,,,,,,,,9AM - 12PM,,
,AI695,2025-07-25,Mumbai(BOM),Varanasi(VNS),A319(VT-SCF),01:57:00,2025-07-25 10:20:00,2025-07-25 10:38:00,2025-07-25 12:35:00,,2025-07-25 12:34:00,,,9AM - 12PM,18.0,-1.0
,AI695,2025-07-24,Mumbai(BOM),Varanasi(VNS),A319(VT-SCV),01:53:00,2025-07-24 10:15:00,2025-07-24 10:43:00,2025-07-24 12:35:00,,2025-07-24 12:35:00,,,9AM - 12PM,28.0,0.0
,AI695,2025-07-23,Mumbai(BOM),Varanasi(VNS),A319(VT-SCF),01:55:00,2025-07-23 10:30:00,2025-07-23 10:48:00,2025-07-23 12:50:00,,2025-07-23 12:44:00,,,9AM - 12PM,18.0,-6.0
,AI695,2025-07-22,Mumbai(BOM),Varanasi(VNS),A319(VT-SCV),01:56:00,2025-07-22 10:20:00,2025-07-22 10:41:00,2025-07-22 12:35:00,,2025-07-22 12:36:00,,,9AM - 12PM,21.0,1.0
,AI695,2025-07-21,Mumbai(BOM),Varanasi(VNS),A319(VT-SCF),01:58:00,2025-07-21 10:20:00,2025-07-21 12:14:00,2025-07-21 12:35:00,,2025-07-21 14:12:00,,,9AM - 12PM,114.0,97.0
,AI695,2025-07-20,Mumbai(BOM),Varanasi(VNS),A319(VT-SCV),01:57:00,2025-07-20 10:20:00,2025-07-20 10:39:00,2025-07-20 12:35:00,,2025-07-20 12:36:00,,,9AM - 12PM,19.0,1.0
,AI695,2025-07-19,Mumbai(BOM),Varanasi(VNS),A319(VT-SCF),01:55:00,2025-07-19 10:20:00,2025-07-19 10:41:00,2025-07-19 12:35:00,,2025-07-19 12:36:00,,,9AM - 12PM,21.0,1.0
,AI695,2025-07-19,,,,,,,,,,,,9AM - 12PM,,
23.0,6E5181,2025-07-19,,,,,,,,,,,,9AM - 12PM,,
,6E5181,2025-07-25,Mumbai(BOM),Indore(IDR),A21N(VT-IMZ),00:53:00,2025-07-25 10:20:00,2025-07-25 11:08:00,2025-07-25 11:45:00,,2025-07-25 12:01:00,,,9AM - 12PM,48.0,16.0
,6E5181,2025-07-24,Mumbai(BOM),Indore(IDR),A21N(VT-IBW),00:59:00,2025-07-24 10:20:00,2025-07-24 10:34:00,2025-07-24 11:45:00,,2025-07-24 11:33:00,,,9AM - 12PM,14.0,-12.0
,6E5181,2025-07-23,Mumbai(BOM),Indore(IDR),A21N(VT-ICG),00:57:00,2025-07-23 10:20:00,2025-07-23 11:52:00,2025-07-23 11:45:00,,2025-07-23 12:49:00,,,9AM - 12PM,92.0,64.0
,6E5181,2025-07-22,Mumbai(BOM),Indore(IDR),A21N(VT-ICO),00:56:00,2025-07-22 10:20:00,2025-07-22 10:47:00,2025-07-22 11:45:00,,2025-07-22 11:44:00,,,9AM - 12PM,27.0,-1.0
,6E5181,2025-07-21,Mumbai(BOM),Indore(IDR),A21N(VT-IBO),00:59:00,2025-07-21 10:20:00,2025-07-21 11:15:00,2025-07-21 11:45:00,,2025-07-21 12:14:00,,,9AM - 12PM,55.0,29.0
,6E5181,2025-07-20,Mumbai(BOM),Indore(IDR),A21N(VT-IBY),00:57:00,2025-07-20 10:20:00,2025-07-20 10:42:00,2025-07-20 11:45:00,,2025-07-20 11:39:00,,,9AM - 12PM,22.0,-6.0
,6E5181,2025-07-19,Mumbai(BOM),Indore(IDR),A21N(VT-ILQ),00:59:00,2025-07-19 10:20:00,2025-07-19 10:48:00,2025-07-19 11:45:00,,2025-07-19 11:47:00,,,9AM - 12PM,28.0,2.0
,6E5181,2025-07-19,,,,,,,,,,,,9AM - 12PM,,
24.0,6E521,2025-07-19,,,,,,,,,,,,9AM - 12PM,,
,6E521,2025-07-25,Mumbai(BOM),Amritsar(ATQ),A20N(VT-ISM),01:52:00,2025-07-25 10:25:00,2025-07-25 10:56:00,2025-07-25 12:40:00,,2025-07-25 12:48:00,,,9AM - 12PM,31.0,8.0
,6E521,2025-07-22,Mumbai(BOM),Amritsar(ATQ),A20N(VT-IQA),01:56:00,2025-07-22 10:25:00,2025-07-22 11:01:00,2025-07-22 12:40:00,,2025-07-22 12:57:00,,,9AM - 12PM,36.0,17.0
,6E521,2025-07-20,Mumbai(BOM),Durgapur(RDP),A20N(VT-IPD),02:18:00,2025-07-20 10:25:00,2025-07-20 10:27:00,2025-07-20 13:00:00,,2025-07-20 12:45:00,,,9AM - 12PM,2.0,-15.0
,6E521,2025-07-20,,,,,,,,,,,,9AM - 12PM,,
25.0,AI633,2025-07-20,,,,,,,,,,,,9AM - 12PM,,
,AI633,2025-07-25,Mumbai(BOM),Bhopal(BHO),A20N(VT-RTJ),01:10:00,2025-07-25 10:25:00,2025-07-25 12:14:00,2025-07-25 12:05:00,,2025-07-25 13:24:00,,,9AM - 12PM,109.0,79.0
,AI633,2025-07-24,Mumbai(BOM),Bhopal(BHO),A20N(VT-EXU),01:08:00,2025-07-24 10:25:00,2025-07-24 11:31:00,2025-07-24 12:05:00,,2025-07-24 12:39:00,,,9AM - 12PM,66.0,34.0
,AI633,2025-07-23,Mumbai(BOM),Bhopal(BHO),A20N(VT-RTJ),01:14:00,2025-07-23 10:25:00,2025-07-23 10:51:00,2025-07-23 12:05:00,,2025-07-23 12:04:00,,,9AM - 12PM,26.0,-1.0
,AI633,2025-07-22,Mumbai(BOM),Bhopal(BHO),A20N(VT-CIN),01:05:00,2025-07-22 10:25:00,2025-07-22 10:53:00,2025-07-22 12:05:00,,2025-07-22 11:59:00,,,9AM - 12PM,28.0,-6.0
,AI633,2025-07-21,Mumbai(BOM),Bhopal(BHO),A321(VT-PPM),01:19:00,2025-07-21 10:25:00,2025-07-21 12:51:00,2025-07-21 12:05:00,,2025-07-21 14:11:00,,,9AM - 12PM,146.0,126.0
,AI633,2025-07-20,Mumbai(BOM),Bhopal(BHO),A321(VT-PPO),01:07:00,2025-07-20 10:25:00,2025-07-20 10:44:00,2025-07-20 12:05:00,,2025-07-20 11:51:00,,,9AM - 12PM,19.0,-14.0
,AI633,2025-07-19,Mumbai(BOM),Bhopal(BHO),A321(VT-PPM),01:05:00,2025-07-19 10:25:00,2025-07-19 10:35:00,2025-07-19 12:05:00,,2025-07-19 11:40:00,,,9AM - 12PM,10.0,-25.0
,AI633,2025-07-19,,,,,,,,,,,,9AM - 12PM,,
26.0,AI2994,2025-07-19,,,,,,,,,,,,9AM - 12PM,,
,AI2994,2025-07-25,Mumbai(BOM),Delhi(DEL),A20N(VT-TQB),01:42:00,2025-07-25 10:30:00,2025-07-25 10:59:00,2025-07-25 12:45:00,,2025-07-25 12:41:00,,,9AM - 12PM,29.0,-4.0
,AI2994,2025-07-24,Mumbai(BOM),Delhi(DEL),A20N(VT-TQJ),01:47:00,2025-07-24 10:30:00,2025-07-24 10:46:00,2025-07-24 12:45:00,,2025-07-24 12:33:00,,,9AM - 12PM,16.0,-12.0
,AI2994,2025-07-23,Mumbai(BOM),Delhi(DEL),A20N(VT-TQE),01:47:00,2025-07-23 10:30:00,2025-07-23 10:45:00,2025-07-23 12:45:00,,2025-07-23 12:32:00,,,9AM - 12PM,15.0,-13.0
,AI2994,2025-07-22,Mumbai(BOM),Delhi(DEL),A20N(VT-TNZ),01:58:00,2025-07-22 10:30:00,2025-07-22 11:07:00,2025-07-22 12:45:00,,2025-07-22 13:05:00,,,9AM - 12PM,37.0,20.0
,AI2994,2025-07-21,Mumbai(BOM),Delhi(DEL),A20N(VT-TNW),01:48:00,2025-07-21 10:30:00,2025-07-21 12:49:00,2025-07-21 12:45:00,,2025-07-21 14:37:00,,,9AM - 12PM,139.0,112.0
,AI2994,2025-07-20,Mumbai(BOM),Delhi(DEL),A20N(VT-TNK),01:39:00,2025-07-20 10:30:00,2025-07-20 10:47:00,2025-07-20 12:45:00,,2025-07-20 12:26:00,,,9AM - 12PM,17.0,-19.0
,AI2994,2025-07-19,Mumbai(BOM),Delhi(DEL),A20N(VT-TQP),01:37:00,2025-07-19 10:30:00,2025-07-19 10:45:00,2025-07-19 12:45:00,,2025-07-19 12:23:00,,,9AM - 12PM,15.0,-22.0
,AI2994,2025-07-19,,,,,,,,,,,,9AM - 12PM,,
27.0,6E535,2025-07-19,,,,,,,,,,,,9AM - 12PM,,
,6E535,2025-07-25,Mumbai(BOM),Darbhanga(DBR),A20N(VT-IJU),02:18:00,2025-07-25 10:35:00,2025-07-25 11:11:00,2025-07-25 13:05:00,,2025-07-25 13:30:00,,,9AM - 12PM,36.0,25.0
,6E535,2025-07-24,Mumbai(BOM),Deoghar(DGH),A20N(VT-IPD),02:10:00,2025-07-24 10:45:00,2025-07-24 10:58:00,2025-07-24 13:10:00,,2025-07-24 13:08:00,,,9AM - 12PM,13.0,-2.0
,6E535,2025-07-23,Mumbai(BOM),Darbhanga(DBR),A20N(VT-IQO),—,2025-07-23 10:35:00,,2025-07-23 13:05:00,,2025-07-23 11:11:00,,,9AM - 12PM,,-114.0
,6E535,2025-07-22,Mumbai(BOM),Deoghar(DGH),A20N(VT-IXI),02:14:00,2025-07-22 10:45:00,2025-07-22 11:05:00,2025-07-22 13:10:00,,2025-07-22 13:19:00,,,9AM - 12PM,20.0,9.0
,6E535,2025-07-21,Mumbai(BOM),Darbhanga(DBR),A320(VT-IFN),02:21:00,2025-07-21 10:35:00,2025-07-21 13:12:00,2025-07-21 13:05:00,,2025-07-21 15:33:00,,,9AM - 12PM,157.0,148.0
,6E535,2025-07-20,Mumbai(BOM),Darbhanga(DBR),A20N(VT-IIH),02:20:00,2025-07-20 10:35:00,2025-07-20 10:46:00,2025-07-20 13:05:00,,2025-07-20 13:06:00,,,9AM - 12PM,11.0,1.0
,6E535,2025-07-19,Mumbai(BOM),Deoghar(DGH),A20N(VT-IJQ),02:09:00,2025-07-19 10:45:00,2025-07-19 10:58:00,2025-07-19 13:10:00,,2025-07-19 13:08:00,,,9AM - 12PM,13.0,-2.0
,6E535,2025-07-19,,,,,,,,,,,,9AM - 12PM,,
28.0,6E624,2025-07-19,,,,,,,,,,,,9AM - 12PM,,
,6E624,2025-07-25,Mumbai(BOM),Thiruvananthapuram(TRV),A21N(VT-ILZ),01:49:00,2025-07-25 10:35:00,2025-07-25 11:51:00,2025-07-25 12:50:00,,2025-07-25 13:40:00,,,9AM - 12PM,76.0,50.0
,6E624,2025-07-24,Mumbai(BOM),Thiruvananthapuram(TRV),A21N(VT-ILH),01:49:00,2025-07-24 10:35:00,2025-07-24 11:07:00,2025-07-24 12:50:00,,2025-07-24 12:57:00,,,9AM - 12PM,32.0,7.0
,6E624,2025-07-23,Mumbai(BOM),Thiruvananthapuram(TRV),A21N(VT-IRV),01:54:00,2025-07-23 10:35:00,2025-07-23 11:00:00,2025-07-23 12:50:00,,2025-07-23 12:53:00,,,9AM - 12PM,25.0,3.0
,6E624,2025-07-22,Mumbai(BOM),Thiruvananthapuram(TRV),A21N(VT-IMU),01:47:00,2025-07-22 10:35:00,2025-07-22 11:26:00,2025-07-22 12:50:00,,2025-07-22 13:12:00,,,9AM - 12PM,51.0,22.0
,6E624,2025-07-21,Mumbai(BOM),Thiruvananthapuram(TRV),A21N(VT-IML),01:50:00,2025-07-21 10:35:00,2025-07-21 13:51:00,2025-07-21 12:50:00,,2025-07-21 15:42:00,,,9AM - 12PM,196.0,172.0
,6E624,2025-07-20,Mumbai(BOM),Thiruvananthapuram(TRV),A21N(VT-IBJ),01:45:00,2025-07-20 10:35:00,2025-07-20 11:00:00,2025-07-20 12:50:00,,2025-07-20 12:45:00,,,9AM - 12PM,25.0,-5.0
,6E624,2025-07-19,Mumbai(BOM),Thiruvananthapuram(TRV),A21N(VT-IRX),01:49:00,2025-07-19 10:35:00,2025-07-19 11:18:00,2025-07-19 12:50:00,,2025-07-19 13:07:00,,,9AM - 12PM,43.0,17.0
,6E624,2025-07-19,,,,,,,,,,,,9AM - 12PM,,
29.0,6E6118,2025-07-19,,,,,,,,,,,,9AM - 12PM,,
,6E6118,2025-07-25,Mumbai(BOM),Tiruchirapalli(TRZ),A21N(VT-ICZ),01:34:00,2025-07-25 10:35:00,2025-07-25 11:18:00,2025-07-25 12:40:00,,2025-07-25 12:52:00,,,9AM - 12PM,43.0,12.0
,6E6118,2025-07-24,Mumbai(BOM),Tiruchirapalli(TRZ),A21N(VT-ILC),01:38:00,2025-07-24 10:35:00,2025-07-24 10:50:00,2025-07-24 12:40:00,,2025-07-24 12:28:00,,,9AM - 12PM,15.0,-12.0
,6E6118,2025-07-23,Mumbai(BOM),Tiruchirapalli(TRZ),A21N(VT-ILC),01:37:00,2025-07-23 10:35:00,2025-07-23 10:54:00,2025-07-23 12:40:00,,2025-07-23 12:31:00,,,9AM - 12PM,19.0,-9.0
,6E6118,2025-07-22,Mumbai(BOM),Tiruchirapalli(TRZ),A21N(VT-ILC),01:39:00,2025-07-22 10:35:00,2025-07-22 11:04:00,2025-07-22 12:40:00,,2025-07-22 12:43:00,,,9AM - 12PM,29.0,3.0
,6E6118,2025-07-21,Mumbai(BOM),Tiruchirapalli(TRZ),A21N(VT-ICF),01:35:00,2025-07-21 10:35:00,2025-07-21 14:01:00,2025-07-21 12:40:00,,2025-07-21 15:35:00,,,9AM - 12PM,206.0,175.0
,6E6118,2025-07-20,Mumbai(BOM),Tiruchirapalli(TRZ),A21N(VT-ICZ),01:37:00,2025-07-20 10:35:00,2025-07-20 10:50:00,2025-07-20 12:40:00,,2025-07-20 12:27:00,,,9AM - 12PM,15.0,-13.0
,6E6118,2025-07-19,Mumbai(BOM),Tiruchirapalli(TRZ),A21N(VT-ICZ),01:37:00,2025-07-19 10:35:00,2025-07-19 11:07:00,2025-07-19 12:40:00,,2025-07-19 12:44:00,,,9AM - 12PM,32.0,4.0
,6E6118,2025-07-19,,,,,,,,,,,,9AM - 12PM,,
30.0,6E6087,2025-07-19,,,,,,,,,,,,9AM - 12PM,,
,6E6087,2025-07-25,Mumbai(BOM),Kannur(CNN),A20N(VT-IPZ),01:18:00,2025-07-25 10:40:00,2025-07-25 11:27:00,2025-07-25 12:25:00,,2025-07-25 12:45:00,,,9AM - 12PM,47.0,20.0
,6E6087,2025-07-24,Mumbai(BOM),Kannur(CNN),A20N(VT-IVP),01:19:00,2025-07-24 10:40:00,2025-07-24 10:53:00,2025-07-24 12:25:00,,2025-07-24 12:11:00,,,9AM - 12PM,13.0,-14.0
,6E6087,2025-07-23,Mumbai(BOM),Kannur(CNN),A20N(VT-ITO),01:17:00,2025-07-23 10:40:00,2025-07-23 11:15:00,2025-07-23 12:25:00,,2025-07-23 12:32:00,,,9AM - 12PM,35.0,7.0
,6E6087,2025-07-22,Mumbai(BOM),Kannur(CNN),A320(VT-IAX),01:18:00,2025-07-22 10:40:00,2025-07-22 11:14:00,2025-07-22 12:25:00,,2025-07-22 12:32:00,,,9AM - 12PM,34.0,7.0
,6E6087,2025-07-21,Mumbai(BOM),Kannur(CNN),A20N(VT-ISA),01:18:00,2025-07-21 10:40:00,2025-07-21 12:50:00,2025-07-21 12:25:00,,2025-07-21 14:08:00,,,9AM - 12PM,130.0,103.0
,6E6087,2025-07-20,Mumbai(BOM),Kannur(CNN),A20N(VT-IIA),01:17:00,2025-07-20 10:40:00,2025-07-20 11:05:00,2025-07-20 12:25:00,,2025-07-20 12:22:00,,,9AM - 12PM,25.0,-3.0
,6E6087,2025-07-19,Mumbai(BOM),Kannur(CNN),A20N(VT-IPR),01:17:00,2025-07-19 10:40:00,2025-07-19 11:17:00,2025-07-19 12:25:00,,2025-07-19 12:34:00,,,9AM - 12PM,37.0,9.0
,6E6087,2025-07-19,,,,,,,,,,,,9AM - 12PM,,
31.0,6E5321,2025-07-19,,,,,,,,,,,,9AM - 12PM,,
,6E5321,2025-07-25,Mumbai(BOM),Rajkot(HSR),A21N(VT-IME),—,2025-07-25 10:45:00,2025-07-25 11:21:00,2025-07-25 11:55:00,,,,,9AM - 12PM,36.0,
,6E5321,2025-07-24,Mumbai(BOM),Rajkot(HSR),A21N(VT-ICL),00:40:00,2025-07-24 10:45:00,2025-07-24 10:55:00,2025-07-24 11:55:00,,2025-07-24 11:35:00,,,9AM - 12PM,10.0,-20.0
,6E5321,2025-07-23,Mumbai(BOM),Rajkot(HSR),A21N(VT-ICZ),00:42:00,2025-07-23 10:45:00,2025-07-23 11:04:00,2025-07-23 11:55:00,,2025-07-23 11:45:00,,,9AM - 12PM,19.0,-10.0
,6E5321,2025-07-22,Mumbai(BOM),Rajkot(HSR),A21N(VT-IRW),00:44:00,2025-07-22 10:45:00,2025-07-22 11:11:00,2025-07-22 11:55:00,,2025-07-22 11:55:00,,,9AM - 12PM,26.0,0.0
,6E5321,2025-07-21,Mumbai(BOM),Rajkot(HSR),A21N(VT-IRZ),00:46:00,2025-07-21 10:45:00,2025-07-21 12:58:00,2025-07-21 11:55:00,,2025-07-21 13:44:00,,,9AM - 12PM,133.0,109.0
,6E5321,2025-07-20,Mumbai(BOM),Rajkot(HSR),A21N(VT-IMI),00:47:00,2025-07-20 10:45:00,2025-07-20 10:53:00,2025-07-20 11:55:00,,2025-07-20 11:40:00,,,9AM - 12PM,8.0,-15.0
,6E5321,2025-07-19,Mumbai(BOM),Rajkot(HSR),A21N(VT-IBO),00:46:00,2025-07-19 10:45:00,2025-07-19 10:51:00,2025-07-19 11:55:00,,2025-07-19 11:37:00,,,9AM - 12PM,6.0,-18.0
,6E5321,2025-07-19,,,,,,,,,,,,9AM - 12PM,,
32.0,QP1529,2025-07-19,,,,,,,,,,,,9AM - 12PM,,
,QP1529,2025-07-25,Mumbai(BOM),Darbhanga(DBR),B38M(VT-YAA),02:21:00,2025-07-25 10:50:00,2025-07-25 13:34:00,2025-07-25 13:30:00,,2025-07-25 15:55:00,,,9AM - 12PM,164.0,145.0
,QP1529,2025-07-24,Mumbai(BOM),Darbhanga(DBR),B38M(VT-YAG),02:15:00,2025-07-24 10:50:00,2025-07-24 11:10:00,2025-07-24 13:30:00,,2025-07-24 13:25:00,,,9AM - 12PM,20.0,-5.0
,QP1529,2025-07-23,Mumbai(BOM),Darbhanga(DBR),B38M(VT-YAC),02:32:00,2025-07-23 10:50:00,2025-07-23 11:03:00,2025-07-23 13:30:00,,2025-07-23 13:35:00,,,9AM - 12PM,13.0,5.0
,QP1529,2025-07-22,Mumbai(BOM),Darbhanga(DBR),B38M(VT-YAS),02:31:00,2025-07-22 10:50:00,2025-07-22 11:22:00,2025-07-22 13:30:00,,2025-07-22 13:52:00,,,9AM - 12PM,32.0,22.0
,QP1529,2025-07-21,Mumbai(BOM),Darbhanga(DBR),B38M(VT-YAA),02:23:00,2025-07-21 10:50:00,2025-07-21 13:22:00,2025-07-21 13:30:00,,2025-07-21 15:44:00,,,9AM - 12PM,152.0,134.0
,QP1529,2025-07-20,Mumbai(BOM),Darbhanga(DBR),B38M(VT-YAH),02:17:00,2025-07-20 10:55:00,2025-07-20 11:03:00,2025-07-20 13:30:00,,2025-07-20 13:20:00,,,9AM - 12PM,8.0,-10.0
,QP1529,2025-07-19,Mumbai(BOM),Darbhanga(DBR),B38M(VT-YAL),02:19:00,2025-07-19 10:55:00,2025-07-19 10:56:00,2025-07-19 13:30:00,,2025-07-19 13:15:00,,,9AM - 12PM,1.0,-15.0
,QP1529,2025-07-19,,,,,,,,,,,,9AM - 12PM,,
33.0,AI673,2025-07-19,,,,,,,,,,,,9AM - 12PM,,
,AI673,2025-07-25,Mumbai(BOM),Patna(PAT),A20N(VT-TQU),02:12:00,2025-07-25 10:50:00,2025-07-25 11:32:00,2025-07-25 13:20:00,,2025-07-25 13:44:00,,,9AM - 12PM,42.0,24.0
,AI673,2025-07-24,Mumbai(BOM),Patna(PAT),A20N(VT-CIO),02:08:00,2025-07-24 10:50:00,2025-07-24 11:05:00,2025-07-24 13:20:00,,2025-07-24 13:12:00,,,9AM - 12PM,15.0,-8.0
,AI673,2025-07-23,Mumbai(BOM),Patna(PAT),A20N(VT-CIO),02:10:00,2025-07-23 10:50:00,2025-07-23 11:14:00,2025-07-23 13:20:00,,2025-07-23 13:24:00,,,9AM - 12PM,24.0,4.0
,AI673,2025-07-22,Mumbai(BOM),Patna(PAT),A20N(VT-CIO),02:09:00,2025-07-22 10:50:00,2025-07-22 11:19:00,2025-07-22 13:20:00,,2025-07-22 13:28:00,,,9AM - 12PM,29.0,8.0
,AI673,2025-07-21,Mumbai(BOM),Patna(PAT),A20N(VT-CIN),02:05:00,2025-07-21 10:50:00,2025-07-21 12:26:00,2025-07-21 13:20:00,,2025-07-21 14:31:00,,,9AM - 12PM,96.0,71.0
,AI673,2025-07-20,Mumbai(BOM),Patna(PAT),A20N(VT-CIN),02:08:00,2025-07-20 10:50:00,2025-07-20 11:12:00,2025-07-20 13:20:00,,2025-07-20 13:21:00,,,9AM - 12PM,22.0,1.0
,AI673,2025-07-19,Mumbai(BOM),Patna(PAT),A20N(VT-CIN),02:08:00,2025-07-19 10:50:00,2025-07-19 11:26:00,2025-07-19 13:20:00,,2025-07-19 13:35:00,,,9AM - 12PM,36.0,15.0
,AI673,2025-07-19,,,,,,,,,,,,9AM - 12PM,,
34.0,VS355,2025-07-19,,,,,,,,,,,,9AM - 12PM,,
,VS355,2025-07-24,Mumbai(BOM),London(LHR),B789(G-VDIA),08:42:00,2025-07-24 10:55:00,2025-07-24 11:16:00,2025-07-24 16:15:00,,2025-07-24 15:28:00,,,9AM - 12PM,21.0,-47.0
,VS355,2025-07-23,Mumbai(BOM),London(LHR),B789(G-VBZZ),08:44:00,2025-07-23 10:55:00,2025-07-23 11:09:00,2025-07-23 16:15:00,,2025-07-23 15:23:00,,,9AM - 12PM,14.0,-52.0
,VS355,2025-07-22,Mumbai(BOM),London(LHR),B789(G-VBEL),08:45:00,2025-07-22 10:55:00,2025-07-22 11:30:00,2025-07-22 16:15:00,,2025-07-22 15:45:00,,,9AM - 12PM,35.0,-30.0
,VS355,2025-07-21,Mumbai(BOM),London(LHR),B789(G-VMAP),08:41:00,2025-07-21 10:55:00,2025-07-21 13:45:00,2025-07-21 16:15:00,,2025-07-21 17:56:00,,,9AM - 12PM,170.0,101.0
,VS355,2025-07-20,Mumbai(BOM),London(LHR),B789(G-VZIG),09:03:00,2025-07-20 10:55:00,2025-07-20 11:10:00,2025-07-20 16:15:00,,2025-07-20 15:44:00,,,9AM - 12PM,15.0,-31.0
,VS355,2025-07-19,Mumbai(BOM),London(LHR),B789(G-VOOH),08:53:00,2025-07-19 10:55:00,2025-07-19 11:01:00,2025-07-19 16:15:00,,2025-07-19 15:25:00,,,9AM - 12PM,6.0,-50.0
,VS355,2025-07-18,Mumbai(BOM),London(LHR),B789(G-VBEL),08:52:00,2025-07-18 10:55:00,2025-07-18 11:18:00,2025-07-18 16:15:00,,2025-07-18 15:40:00,,,9AM - 12PM,23.0,-35.0
,VS355,2025-07-18,,,,,,,,,,,,9AM - 12PM,,
35.0,6E673,2025-07-18,,,,,,,,,,,,9AM - 12PM,,
,6E673,2025-07-25,Mumbai(BOM),Cochin(COK),A21N(VT-IMD),01:38:00,2025-07-25 10:55:00,2025-07-25 12:12:00,2025-07-25 12:50:00,,2025-07-25 13:50:00,,,9AM - 12PM,77.0,60.0
,6E673,2025-07-24,Mumbai(BOM),Cochin(COK),A21N(VT-IBU),01:31:00,2025-07-24 10:55:00,2025-07-24 11:27:00,2025-07-24 12:50:00,,2025-07-24 12:59:00,,,9AM - 12PM,32.0,9.0
,6E673,2025-07-23,Mumbai(BOM),Cochin(COK),A21N(VT-IUO),01:41:00,2025-07-23 10:55:00,2025-07-23 12:09:00,2025-07-23 12:50:00,,2025-07-23 13:50:00,,,9AM - 12PM,74.0,60.0
,6E673,2025-07-22,Mumbai(BOM),Cochin(COK),A21N(VT-IML),01:30:00,2025-07-22 10:55:00,2025-07-22 11:37:00,2025-07-22 12:45:00,,2025-07-22 13:08:00,,,9AM - 12PM,42.0,23.0
,6E673,2025-07-21,Mumbai(BOM),Cochin(COK),A21N(VT-IWR),01:30:00,2025-07-21 10:55:00,2025-07-21 13:36:00,2025-07-21 12:50:00,,2025-07-21 15:07:00,,,9AM - 12PM,161.0,137.0
,6E673,2025-07-20,Mumbai(BOM),Cochin(COK),A21N(VT-ICO),01:36:00,2025-07-20 10:55:00,2025-07-20 11:24:00,2025-07-20 12:50:00,,2025-07-20 13:00:00,,,9AM - 12PM,29.0,10.0
,6E673,2025-07-19,Mumbai(BOM),Cochin(COK),A21N(VT-ICL),01:30:00,2025-07-19 10:55:00,2025-07-19 11:37:00,2025-07-19 12:50:00,,2025-07-19 13:07:00,,,9AM - 12PM,42.0,17.0
,6E673,2025-07-19,,,,,,,,,,,,9AM - 12PM,,
36.0,AI611,2025-07-19,,,,,,,,,,,,9AM - 12PM,,
,AI611,2025-07-25,Mumbai(BOM),Jaipur(JAI),A20N(VT-CIQ),01:27:00,2025-07-25 11:00:00,2025-07-25 11:34:00,2025-07-25 12:55:00,,2025-07-25 13:01:00,,,9AM - 12PM,34.0,6.0
,AI611,2025-07-24,Mumbai(BOM),Jaipur(JAI),A20N(VT-EXL),01:23:00,2025-07-24 11:00:00,2025-07-24 11:32:00,2025-07-24 12:55:00,,2025-07-24 12:55:00,,,9AM - 12PM,32.0,0.0
,AI611,2025-07-23,Mumbai(BOM),Jaipur(JAI),A20N(VT-CIN),01:23:00,2025-07-23 11:00:00,2025-07-23 11:18:00,2025-07-23 12:55:00,,2025-07-23 12:41:00,,,9AM - 12PM,18.0,-14.0
,AI611,2025-07-22,Mumbai(BOM),Jaipur(JAI),A20N(VT-EXM),01:28:00,2025-07-22 11:00:00,2025-07-22 11:21:00,2025-07-22 12:55:00,,2025-07-22 12:49:00,,,9AM - 12PM,21.0,-6.0
,AI611,2025-07-21,Mumbai(BOM),Jaipur(JAI),A20N(VT-TQK),01:26:00,2025-07-21 11:00:00,2025-07-21 13:02:00,2025-07-21 12:55:00,,2025-07-21 14:28:00,,,9AM - 12PM,122.0,93.0
,AI611,2025-07-20,Mumbai(BOM),Jaipur(JAI),A20N(VT-EXO),01:23:00,2025-07-20 11:00:00,2025-07-20 11:23:00,2025-07-20 12:55:00,,2025-07-20 12:46:00,,,9AM - 12PM,23.0,-9.0
,AI611,2025-07-19,Mumbai(BOM),Jaipur(JAI),A20N(VT-EXH),01:22:00,2025-07-19 11:00:00,2025-07-19 11:34:00,2025-07-19 12:55:00,,2025-07-19 12:57:00,,,9AM - 12PM,34.0,2.0
,AI611,2025-07-19,,,,,,,,,,,,9AM - 12PM,,
37.0,AI647,2025-07-19,,,,,,,,,,,,9AM - 12PM,,
,AI647,2025-07-25,Mumbai(BOM),Jamnagar(JGA),A20N(VT-TYC),00:49:00,2025-07-25 11:00:00,2025-07-25 12:17:00,2025-07-25 12:25:00,,2025-07-25 13:06:00,,,9AM - 12PM,77.0,41.0
,AI647,2025-07-24,Mumbai(BOM),Jamnagar(JGA),A21N(VT-TVH),00:52:00,2025-07-24 11:00:00,2025-07-24 11:24:00,2025-07-24 12:25:00,,2025-07-24 12:16:00,,,9AM - 12PM,24.0,-9.0
,AI647,2025-07-23,Mumbai(BOM),Jamnagar(JGA),A321(VT-PPM),00:56:00,2025-07-23 11:00:00,2025-07-23 11:56:00,2025-07-23 12:25:00,,2025-07-23 12:52:00,,,9AM - 12PM,56.0,27.0
,AI647,2025-07-22,Mumbai(BOM),Jamnagar(JGA),A321(VT-PPO),00:49:00,2025-07-22 11:00:00,2025-07-22 11:23:00,2025-07-22 12:25:00,,2025-07-22 12:12:00,,,9AM - 12PM,23.0,-13.0
,AI647,2025-07-21,Mumbai(BOM),Jamnagar(JGA),A20N(VT-CIG),00:50:00,2025-07-21 11:00:00,2025-07-21 13:34:00,2025-07-21 12:25:00,,2025-07-21 14:24:00,,,9AM - 12PM,154.0,119.0
,AI647,2025-07-20,Mumbai(BOM),Jamnagar(JGA),A20N(VT-EXL),00:53:00,2025-07-20 11:00:00,2025-07-20 11:34:00,2025-07-20 12:25:00,,2025-07-20 12:26:00,,,9AM - 12PM,34.0,1.0
,AI647,2025-07-19,Mumbai(BOM),Jamnagar(JGA),A20N(VT-RTK),00:49:00,2025-07-19 11:00:00,2025-07-19 11:45:00,2025-07-19 12:25:00,,2025-07-19 12:34:00,,,9AM - 12PM,45.0,9.0
,AI647,2025-07-19,,,,,,,,,,,,9AM - 12PM,,
38.0,AI2444,2025-07-19,,,,,,,,,,,,9AM - 12PM,,
,AI2444,2025-07-25,Mumbai(BOM),Hyderabad(HYD),A20N(VT-TQC),01:15:00,2025-07-25 11:00:00,2025-07-25 12:00:00,2025-07-25 12:30:00,,2025-07-25 13:15:00,,,9AM - 12PM,60.0,45.0
,AI2444,2025-07-24,Mumbai(BOM),Hyderabad(HYD),A20N(VT-TNV),01:08:00,2025-07-24 11:00:00,2025-07-24 11:19:00,2025-07-24 12:30:00,,2025-07-24 12:26:00,,,9AM - 12PM,19.0,-4.0
,AI2444,2025-07-23,Mumbai(BOM),Hyderabad(HYD),A20N(VT-TQC),01:09:00,2025-07-23 11:00:00,2025-07-23 11:30:00,2025-07-23 12:30:00,,2025-07-23 12:39:00,,,9AM - 12PM,30.0,9.0
,AI2444,2025-07-22,Mumbai(BOM),Hyderabad(HYD),A20N(VT-TQS),01:07:00,2025-07-22 11:00:00,2025-07-22 11:33:00,2025-07-22 12:30:00,,2025-07-22 12:41:00,,,9AM - 12PM,33.0,11.0
,AI2444,2025-07-21,Mumbai(BOM),Hyderabad(HYD),A20N(VT-TQW),01:08:00,2025-07-21 11:00:00,2025-07-21 13:05:00,2025-07-21 12:30:00,,2025-07-21 14:13:00,,,9AM - 12PM,125.0,103.0
,AI2444,2025-07-20,Mumbai(BOM),Hyderabad(HYD),A20N(VT-TQE),01:05:00,2025-07-20 11:00:00,2025-07-20 11:15:00,2025-07-20 12:30:00,,2025-07-20 12:19:00,,,9AM - 12PM,15.0,-11.0
,AI2444,2025-07-19,Mumbai(BOM),Hyderabad(HYD),A20N(VT-TQE),01:05:00,2025-07-19 11:00:00,2025-07-19 11:31:00,2025-07-19 12:30:00,,2025-07-19 12:36:00,,,9AM - 12PM,31.0,6.0
,AI2444,2025-07-19,,,,,,,,,,,,9AM - 12PM,,
39.0,QP1385,2025-07-19,,,,,,,,,,,,9AM - 12PM,,
,QP1385,2025-07-25,Mumbai(BOM),Siliguri(IXB),B38M(VT-YAC),02:38:00,2025-07-25 11:00:00,2025-07-25 11:46:00,2025-07-25 14:05:00,,2025-07-25 14:24:00,,,9AM - 12PM,46.0,19.0
,QP1385,2025-07-24,Mumbai(BOM),Siliguri(IXB),B38M(VT-YAB),02:32:00,2025-07-24 11:00:00,2025-07-24 11:15:00,2025-07-24 14:05:00,,2025-07-24 13:47:00,,,9AM - 12PM,15.0,-18.0
,QP1385,2025-07-23,Mumbai(BOM),Siliguri(IXB),B38M(VT-YAP),02:47:00,2025-07-23 11:00:00,2025-07-23 11:34:00,2025-07-23 14:05:00,,2025-07-23 14:21:00,,,9AM - 12PM,34.0,16.0
,QP1385,2025-07-22,Mumbai(BOM),Siliguri(IXB),B38M(VT-YBC),02:30:00,2025-07-22 11:00:00,2025-07-22 12:06:00,2025-07-22 14:05:00,,2025-07-22 14:36:00,,,9AM - 12PM,66.0,31.0
,QP1385,2025-07-21,Mumbai(BOM),Siliguri(IXB),B38M(VT-YAU),02:34:00,2025-07-21 11:00:00,2025-07-21 13:30:00,2025-07-21 14:05:00,,2025-07-21 16:04:00,,,9AM - 12PM,150.0,119.0
,QP1385,2025-07-20,Mumbai(BOM),Siliguri(IXB),B38M(VT-YAB),02:33:00,2025-07-20 11:00:00,2025-07-20 11:14:00,2025-07-20 14:05:00,,2025-07-20 13:47:00,,,9AM - 12PM,14.0,-18.0
,QP1385,2025-07-19,Mumbai(BOM),Siliguri(IXB),B38M(VT-YAK),02:30:00,2025-07-19 11:00:00,2025-07-19 11:40:00,2025-07-19 14:05:00,,2025-07-19 14:11:00,,,9AM - 12PM,40.0,6.0
,QP1385,2025-07-19,,,,,,,,,,,,9AM - 12PM,,
40.0,ET641,2025-07-19,,,,,,,,,,,,9AM - 12PM,,
,ET641,2025-07-25,Mumbai(BOM),Addis Ababa(ADD),B77L(ET-ANQ),04:18:00,2025-07-25 11:05:00,2025-07-25 11:40:00,2025-07-25 14:00:00,,2025-07-25 13:28:00,,,9AM - 12PM,35.0,-32.0
,ET641,2025-07-24,Mumbai(BOM),Addis Ababa(ADD),B77L(ET-ANO),04:17:00,2025-07-24 11:05:00,2025-07-24 11:13:00,2025-07-24 14:00:00,,2025-07-24 13:00:00,,,9AM - 12PM,8.0,-60.0
,ET641,2025-07-23,Mumbai(BOM),Addis Ababa(ADD),B788(ET-ATG),04:23:00,2025-07-23 11:05:00,2025-07-23 11:06:00,2025-07-23 14:00:00,,2025-07-23 13:00:00,,,9AM - 12PM,1.0,-60.0
,ET641,2025-07-22,Mumbai(BOM),Addis Ababa(ADD),B77L(ET-ANQ),04:22:00,2025-07-22 11:05:00,2025-07-22 11:17:00,2025-07-22 14:00:00,,2025-07-22 13:09:00,,,9AM - 12PM,12.0,-51.0
,ET641,2025-07-21,Mumbai(BOM),Addis Ababa(ADD),A359(ET-AUA),04:37:00,2025-07-21 11:05:00,2025-07-21 13:38:00,2025-07-21 14:00:00,,2025-07-21 15:46:00,,,9AM - 12PM,153.0,106.0
,ET641,2025-07-20,Mumbai(BOM),Addis Ababa(ADD),B77L(ET-ANP),04:16:00,2025-07-20 11:05:00,2025-07-20 11:18:00,2025-07-20 14:00:00,,2025-07-20 13:04:00,,,9AM - 12PM,13.0,-56.0
,ET641,2025-07-19,Mumbai(BOM),Addis Ababa(ADD),B788(ET-ATG),04:19:00,2025-07-19 11:05:00,2025-07-19 11:22:00,2025-07-19 14:00:00,,2025-07-19 13:10:00,,,9AM - 12PM,17.0,-50.0
,ET641,2025-07-19,,,,,,,,,,,,9AM - 12PM,,
41.0,SV771,2025-07-19,,,,,,,,,,,,9AM - 12PM,,
,SV771,2025-07-25,Mumbai(BOM),Jeddah(JED),B77W(HZ-AK21),04:04:00,2025-07-25 11:05:00,2025-07-25 11:43:00,2025-07-25 13:25:00,,2025-07-25 13:17:00,,,9AM - 12PM,38.0,-8.0
,SV771,2025-07-23,Mumbai(BOM),Jeddah(JED),B77W(HZ-AK22),03:58:00,2025-07-23 11:05:00,2025-07-23 11:20:00,2025-07-23 13:25:00,,2025-07-23 12:47:00,,,9AM - 12PM,15.0,-38.0
,SV771,2025-07-21,Mumbai(BOM),Jeddah(JED),B77W(HZ-AK19),03:55:00,2025-07-21 11:05:00,2025-07-21 13:07:00,2025-07-21 13:25:00,,2025-07-21 14:33:00,,,9AM - 12PM,122.0,68.0
,SV771,2025-07-20,Mumbai(BOM),Jeddah(JED),B77W(HZ-AK29),04:07:00,2025-07-20 11:05:00,2025-07-20 11:28:00,2025-07-20 13:25:00,,2025-07-20 13:05:00,,,9AM - 12PM,23.0,-20.0
,SV771,2025-07-20,,,,,,,,,,,,9AM - 12PM,,
42.0,6E1157,2025-07-20,,,,,,,,,,,,9AM - 12PM,,
,6E1157,2025-07-25,Mumbai(BOM),Kathmandu(KTM),A20N(VT-IPI),02:30:00,2025-07-25 11:05:00,2025-07-25 11:29:00,2025-07-25 14:05:00,,2025-07-25 14:14:00,,,9AM - 12PM,24.0,9.0
,6E1157,2025-07-24,Mumbai(BOM),Kathmandu(KTM),A20N(VT-IPT),02:44:00,2025-07-24 11:05:00,2025-07-24 11:25:00,2025-07-24 14:05:00,,2025-07-24 14:24:00,,,9AM - 12PM,20.0,19.0
,6E1157,2025-07-23,Mumbai(BOM),Kathmandu(KTM),A20N(VT-IXH),03:01:00,2025-07-23 11:05:00,2025-07-23 11:33:00,2025-07-23 14:05:00,,2025-07-23 14:49:00,,,9AM - 12PM,28.0,44.0
,6E1157,2025-07-22,Mumbai(BOM),Kathmandu(KTM),A20N(VT-IXP),02:15:00,2025-07-22 11:05:00,2025-07-22 11:44:00,2025-07-22 14:05:00,,2025-07-22 14:14:00,,,9AM - 12PM,39.0,9.0
,6E1157,2025-07-21,Mumbai(BOM),Kathmandu(KTM),A20N(VT-IXF),02:19:00,2025-07-21 11:05:00,2025-07-21 13:27:00,2025-07-21 14:05:00,,2025-07-21 16:01:00,,,9AM - 12PM,142.0,116.0
,6E1157,2025-07-20,Mumbai(BOM),Kathmandu(KTM),A20N(VT-IJQ),02:10:00,2025-07-20 11:05:00,2025-07-20 11:33:00,2025-07-20 14:05:00,,2025-07-20 13:58:00,,,9AM - 12PM,28.0,-7.0
,6E1157,2025-07-19,Mumbai(BOM),Kathmandu(KTM),A20N(VT-IPD),02:18:00,2025-07-19 11:05:00,2025-07-19 11:39:00,2025-07-19 14:05:00,,2025-07-19 14:12:00,,,9AM - 12PM,34.0,7.0
,6E1157,2025-07-19,,,,,,,,,,,,9AM - 12PM,,
43.0,EY201,2025-07-19,,,,,,,,,,,,9AM - 12PM,,
,EY201,2025-07-25,Mumbai(BOM),Abu Dhabi(AUH),A320(A6-EIW),02:37:00,2025-07-25 11:10:00,2025-07-25 11:15:00,2025-07-25 13:00:00,,2025-07-25 12:22:00,,,9AM - 12PM,5.0,-38.0
,EY201,2025-07-24,Mumbai(BOM),Abu Dhabi(AUH),A320(A6-EIM),02:28:00,2025-07-24 11:10:00,2025-07-24 11:01:00,2025-07-24 13:00:00,,2025-07-24 11:58:00,,,9AM - 12PM,-9.0,-62.0
,EY201,2025-07-23,Mumbai(BOM),Abu Dhabi(AUH),A320(A6-EIX),02:28:00,2025-07-23 11:10:00,2025-07-23 11:25:00,2025-07-23 13:00:00,,2025-07-23 12:23:00,,,9AM - 12PM,15.0,-37.0
,EY201,2025-07-22,Mumbai(BOM),Abu Dhabi(AUH),A320(A6-EIT),02:26:00,2025-07-22 11:10:00,2025-07-22 11:27:00,2025-07-22 13:00:00,,2025-07-22 12:24:00,,,9AM - 12PM,17.0,-36.0
,EY201,2025-07-21,Mumbai(BOM),Abu Dhabi(AUH),A320(A6-EIP),02:23:00,2025-07-21 11:10:00,2025-07-21 13:13:00,2025-07-21 13:00:00,,2025-07-21 14:06:00,,,9AM - 12PM,123.0,66.0
,EY201,2025-07-20,Mumbai(BOM),Abu Dhabi(AUH),A320(A6-EIV),02:40:00,2025-07-20 11:10:00,2025-07-20 11:38:00,2025-07-20 13:00:00,,2025-07-20 12:48:00,,,9AM - 12PM,28.0,-12.0
,EY201,2025-07-19,Mumbai(BOM),Abu Dhabi(AUH),A321(A6-AEC),02:34:00,2025-07-19 11:10:00,2025-07-19 11:43:00,2025-07-19 13:00:00,,2025-07-19 12:47:00,,,9AM - 12PM,33.0,-13.0
,EY201,2025-07-19,,,,,,,,,,,,9AM - 12PM,,
44.0,6E5307,2025-07-19,,,,,,,,,,,,9AM - 12PM,,
,6E5307,2025-07-25,Mumbai(BOM),Goa(GOI),A21N(VT-IMM),01:00:00,2025-07-25 11:10:00,2025-07-25 11:56:00,2025-07-25 12:35:00,,2025-07-25 12:56:00,,,9AM - 12PM,46.0,21.0
,6E5307,2025-07-24,Mumbai(BOM),Goa(GOI),A21N(VT-IMM),00:53:00,2025-07-24 11:10:00,2025-07-24 11:26:00,2025-07-24 12:35:00,,2025-07-24 12:20:00,,,9AM - 12PM,16.0,-15.0
,6E5307,2025-07-23,Mumbai(BOM),Goa(GOI),A21N(VT-IMM),00:48:00,2025-07-23 11:10:00,2025-07-23 11:49:00,2025-07-23 12:35:00,,2025-07-23 12:37:00,,,9AM - 12PM,39.0,2.0
,6E5307,2025-07-22,Mumbai(BOM),Goa(GOI),A21N(VT-IMM),01:00:00,2025-07-22 11:10:00,2025-07-22 11:41:00,2025-07-22 12:35:00,,2025-07-22 12:41:00,,,9AM - 12PM,31.0,6.0
,6E5307,2025-07-21,Mumbai(BOM),Goa(GOI),A21N(VT-IRV),00:53:00,2025-07-21 11:10:00,2025-07-21 13:10:00,2025-07-21 12:35:00,,2025-07-21 14:04:00,,,9AM - 12PM,120.0,89.0
,6E5307,2025-07-20,Mumbai(BOM),Goa(GOI),A21N(VT-IRV),00:47:00,2025-07-20 11:10:00,2025-07-20 11:31:00,2025-07-20 12:35:00,,2025-07-20 12:18:00,,,9AM - 12PM,21.0,-17.0
,6E5307,2025-07-19,Mumbai(BOM),Goa(GOI),A21N(VT-IMI),00:46:00,2025-07-19 11:10:00,2025-07-19 11:47:00,2025-07-19 12:35:00,,2025-07-19 12:34:00,,,9AM - 12PM,37.0,-1.0
,6E5307,2025-07-19,,,,,,,,,,,,9AM - 12PM,,
45.0,6E5316,2025-07-19,,,,,,,,,,,,9AM - 12PM,,
,6E5316,2025-07-25,Mumbai(BOM),Bareilly(BEK),A20N(VT-IQO),01:55:00,2025-07-25 11:10:00,2025-07-25 11:53:00,2025-07-25 13:40:00,,2025-07-25 13:48:00,,,9AM - 12PM,43.0,8.0
,6E5316,2025-07-24,Mumbai(BOM),Agra(AGR),A20N(VT-IIH),01:37:00,2025-07-24 11:10:00,2025-07-24 11:20:00,2025-07-24 13:20:00,,2025-07-24 12:57:00,,,9AM - 12PM,10.0,-23.0
,6E5316,2025-07-23,Mumbai(BOM),Bareilly(BEK),A20N(VT-IQF),01:58:00,2025-07-23 11:10:00,2025-07-23 11:37:00,2025-07-23 13:40:00,,2025-07-23 13:36:00,,,9AM - 12PM,27.0,-4.0
,6E5316,2025-07-22,Mumbai(BOM),Agra(AGR),A20N(VT-IIW),01:54:00,2025-07-22 11:10:00,2025-07-22 11:35:00,2025-07-22 13:20:00,,2025-07-22 13:29:00,,,9AM - 12PM,25.0,9.0
,6E5316,2025-07-21,Mumbai(BOM),Bareilly(BEK),A20N(VT-IPD),02:00:00,2025-07-21 11:10:00,2025-07-21 13:41:00,2025-07-21 13:40:00,,2025-07-21 15:41:00,,,9AM - 12PM,151.0,121.0
,6E5316,2025-07-20,Mumbai(BOM),Bareilly(BEK),A20N(VT-IIX),01:54:00,2025-07-20 11:10:00,2025-07-20 11:21:00,2025-07-20 13:40:00,,2025-07-20 13:14:00,,,9AM - 12PM,11.0,-26.0
,6E5316,2025-07-19,Mumbai(BOM),Agra(AGR),A20N(VT-ITV),01:28:00,2025-07-19 11:10:00,2025-07-19 11:50:00,2025-07-19 13:20:00,,2025-07-19 13:17:00,,,9AM - 12PM,40.0,-3.0
,6E5316,2025-07-19,,,,,,,,,,,,9AM - 12PM,,
46.0,6E6827,2025-07-19,,,,,,,,,,,,9AM - 12PM,,
,6E6827,2025-07-25,Mumbai(BOM),Delhi(DEL),A21N(VT-IWT),01:42:00,2025-07-25 11:15:00,2025-07-25 11:57:00,2025-07-25 13:30:00,,2025-07-25 13:39:00,,,9AM - 12PM,42.0,9.0
,6E6827,2025-07-24,Mumbai(BOM),Delhi(DEL),A21N(VT-ICM),01:43:00,2025-07-24 11:15:00,2025-07-24 11:23:00,2025-07-24 13:30:00,,2025-07-24 13:06:00,,,9AM - 12PM,8.0,-24.0
,6E6827,2025-07-23,Mumbai(BOM),Delhi(DEL),A21N(VT-ICH),01:46:00,2025-07-23 11:15:00,2025-07-23 11:40:00,2025-07-23 13:30:00,,2025-07-23 13:26:00,,,9AM - 12PM,25.0,-4.0
,6E6827,2025-07-22,Mumbai(BOM),Delhi(DEL),A21N(VT-NCM),01:43:00,2025-07-22 11:15:00,2025-07-22 11:39:00,2025-07-22 13:30:00,,2025-07-22 13:22:00,,,9AM - 12PM,24.0,-8.0
,6E6827,2025-07-21,Mumbai(BOM),Delhi(DEL),A21N(VT-IWV),01:41:00,2025-07-21 11:15:00,2025-07-21 13:49:00,2025-07-21 13:30:00,,2025-07-21 15:30:00,,,9AM - 12PM,154.0,120.0
,6E6827,2025-07-20,Mumbai(BOM),Delhi(DEL),A21N(VT-ICF),01:43:00,2025-07-20 11:15:00,2025-07-20 11:30:00,2025-07-20 13:30:00,,2025-07-20 13:13:00,,,9AM - 12PM,15.0,-17.0
,6E6827,2025-07-19,Mumbai(BOM),Delhi(DEL),A21N(VT-NCR),01:38:00,2025-07-19 11:15:00,2025-07-19 11:52:00,2025-07-19 13:30:00,,2025-07-19 13:30:00,,,9AM - 12PM,37.0,0.0
,6E6827,2025-07-19,,,,,,,,,,,,9AM - 12PM,,
47.0,9I623,2025-07-19,,,,,,,,,,,,9AM - 12PM,,
,9I623,2025-07-25,Mumbai(BOM),Diu(DIU),AT76(VT-RKL),00:44:00,2025-07-25 11:15:00,2025-07-25 13:31:00,2025-07-25 12:20:00,,2025-07-25 14:15:00,,,9AM - 12PM,136.0,115.0
,9I623,2025-07-24,Mumbai(BOM),Diu(DIU),AT7,—,2025-07-24 13:50:00,,2025-07-24 14:55:00,,2025-07-24 13:50:00,,,9AM - 12PM,,-65.0
,9I623,2025-07-23,Mumbai(BOM),Diu(DIU),AT76(VT-RKL),00:43:00,2025-07-23 11:15:00,2025-07-23 13:14:00,2025-07-23 12:20:00,,2025-07-23 13:57:00,,,9AM - 12PM,119.0,97.0
,9I623,2025-07-22,Mumbai(BOM),Diu(DIU),AT7,—,2025-07-22 13:50:00,,2025-07-22 14:55:00,,2025-07-22 13:50:00,,,9AM - 12PM,,-65.0
,9I623,2025-07-21,Mumbai(BOM),Diu(DIU),AT76(VT-AIY),00:43:00,2025-07-21 11:15:00,2025-07-21 14:08:00,2025-07-21 12:20:00,,2025-07-21 14:51:00,,,9AM - 12PM,173.0,151.0
,9I623,2025-07-20,Mumbai(BOM),Diu(DIU),AT7,—,2025-07-20 11:15:00,,2025-07-20 12:20:00,,2025-07-20 11:15:00,,,9AM - 12PM,,-65.0
,9I623,2025-07-19,Mumbai(BOM),Diu(DIU),AT7,—,2025-07-19 13:50:00,,2025-07-19 14:55:00,,2025-07-19 13:50:00,,,9AM - 12PM,,-65.0
,9I623,2025-07-18,Mumbai(BOM),Diu(DIU),AT76(VT-AIY),00:44:00,2025-07-18 11:15:00,2025-07-18 16:10:00,2025-07-18 12:20:00,,2025-07-18 16:54:00,,,9AM - 12PM,295.0,274.0
,9I623,2025-07-18,,,,,,,,,,,,9AM - 12PM,,
48.0,AI2632,2025-07-18,,,,,,,,,,,,9AM - 12PM,,
,AI2632,2025-07-25,Mumbai(BOM),Bengaluru(BLR),A20N(VT-TQW),01:24:00,2025-07-25 11:20:00,2025-07-25 11:48:00,2025-07-25 13:05:00,,2025-07-25 13:12:00,,,9AM - 12PM,28.0,7.0
,AI2632,2025-07-24,Mumbai(BOM),Bengaluru(BLR),A20N(VT-TQH),01:22:00,2025-07-24 11:20:00,2025-07-24 11:30:00,2025-07-24 13:05:00,,2025-07-24 12:52:00,,,9AM - 12PM,10.0,-13.0
,AI2632,2025-07-23,Mumbai(BOM),Bengaluru(BLR),A20N(VT-EXV),01:21:00,2025-07-23 11:20:00,2025-07-23 11:58:00,2025-07-23 13:05:00,,2025-07-23 13:19:00,,,9AM - 12PM,38.0,14.0
,AI2632,2025-07-22,Mumbai(BOM),Bengaluru(BLR),A20N(VT-TQF),01:23:00,2025-07-22 11:20:00,2025-07-22 12:00:00,2025-07-22 13:05:00,,2025-07-22 13:23:00,,,9AM - 12PM,40.0,18.0
,AI2632,2025-07-21,Mumbai(BOM),Bengaluru(BLR),A20N(VT-TNU),01:20:00,2025-07-21 11:20:00,2025-07-21 14:33:00,2025-07-21 13:05:00,,2025-07-21 15:53:00,,,9AM - 12PM,193.0,168.0
,AI2632,2025-07-20,Mumbai(BOM),Bengaluru(BLR),A20N(VT-TNU),01:21:00,2025-07-20 11:20:00,2025-07-20 11:41:00,2025-07-20 13:05:00,,2025-07-20 13:02:00,,,9AM - 12PM,21.0,-3.0
,AI2632,2025-07-19,Mumbai(BOM),Bengaluru(BLR),A20N(VT-TQB),01:22:00,2025-07-19 11:20:00,2025-07-19 11:51:00,2025-07-19 13:05:00,,2025-07-19 13:12:00,,,9AM - 12PM,31.0,7.0
,AI2632,2025-07-19,,,,,,,,,,,,9AM - 12PM,,
49.0,SG2905,2025-07-19,,,,,,,,,,,,9AM - 12PM,,
,SG2905,2025-07-25,Mumbai(BOM),Kandla(IXY),DH8D(VT-SUO),—,2025-07-25 11:30:00,2025-07-25 12:15:00,2025-07-25 13:00:00,,,,,9AM - 12PM,45.0,
,SG2905,2025-07-24,Mumbai(BOM),Porbandar(PBD),DH8D(VT-SUO),—,2025-07-24 11:30:00,,2025-07-24 13:00:00,,,,,9AM - 12PM,,
,SG2905,2025-07-23,Mumbai(BOM),Kandla(IXY),DH8D(VT-SUO),01:53:00,2025-07-23 11:30:00,2025-07-23 11:20:00,2025-07-23 13:00:00,,2025-07-23 13:13:00,,,9AM - 12PM,-10.0,13.0
,SG2905,2025-07-21,Mumbai(BOM),Kandla(IXY),DH8D(VT-SQD),01:06:00,2025-07-21 11:30:00,2025-07-21 14:08:00,2025-07-21 13:00:00,,2025-07-21 15:13:00,,,9AM - 12PM,158.0,133.0
,SG2905,2025-07-20,Mumbai(BOM),Kandla(IXY),DH8D(VT-SQD),01:09:00,2025-07-20 11:30:00,2025-07-20 11:39:00,2025-07-20 13:00:00,,2025-07-20 12:48:00,,,9AM - 12PM,9.0,-12.0
,SG2905,2025-07-19,Mumbai(BOM),Kandla(IXY),DH8D(VT-SQD),01:05:00,2025-07-19 11:30:00,2025-07-19 13:18:00,2025-07-19 13:00:00,,2025-07-19 14:22:00,,,9AM - 12PM,108.0,82.0
,SG2905,2025-07-19,,,,,,,,,,,,9AM - 12PM,,
50.0,AI2841,2025-07-19,,,,,,,,,,,,9AM - 12PM,,
,AI2841,2025-07-25,Mumbai(BOM),Goa(GOI),A21N(VT-TVI),00:54:00,2025-07-25 11:30:00,2025-07-25 12:24:00,2025-07-25 12:45:00,,2025-07-25 13:18:00,,,9AM - 12PM,54.0,33.0
,AI2841,2025-07-24,Mumbai(BOM),Goa(GOI),A21N(VT-TVI),00:57:00,2025-07-24 11:30:00,2025-07-24 11:43:00,2025-07-24 12:45:00,,2025-07-24 12:40:00,,,9AM - 12PM,13.0,-5.0
,AI2841,2025-07-23,Mumbai(BOM),Goa(GOI),A21N(VT-TVI),00:48:00,2025-07-23 11:30:00,2025-07-23 12:12:00,2025-07-23 12:45:00,,2025-07-23 13:00:00,,,9AM - 12PM,42.0,15.0
,AI2841,2025-07-22,Mumbai(BOM),Goa(GOI),A21N(VT-TVH),00:58:00,2025-07-22 11:30:00,2025-07-22 12:01:00,2025-07-22 12:45:00,,2025-07-22 12:59:00,,,9AM - 12PM,31.0,14.0
,AI2841,2025-07-21,Mumbai(BOM),Goa(GOI),A21N(VT-TVI),00:50:00,2025-07-21 11:30:00,2025-07-21 13:24:00,2025-07-21 12:45:00,,2025-07-21 14:14:00,,,9AM - 12PM,114.0,89.0
,AI2841,2025-07-20,Mumbai(BOM),Goa(GOI),A21N(VT-TVI),00:46:00,2025-07-20 11:30:00,2025-07-20 11:57:00,2025-07-20 12:45:00,,2025-07-20 12:43:00,,,9AM - 12PM,27.0,-2.0
,AI2841,2025-07-19,Mumbai(BOM),Goa(GOI),A21N(VT-TVI),00:55:00,2025-07-19 11:30:00,2025-07-19 12:01:00,2025-07-19 12:45:00,,2025-07-19 12:56:00,,,9AM - 12PM,31.0,11.0
,AI2841,2025-07-19,,,,,,,,,,,,9AM - 12PM,,
51.0,6E5217,2025-07-19,,,,,,,,,,,,9AM - 12PM,,
,6E5217,2025-07-25,Mumbai(BOM),Bengaluru(BLR),A21N(VT-IWU),01:17:00,2025-07-25 11:30:00,2025-07-25 12:13:00,2025-07-25 13:20:00,,2025-07-25 13:30:00,,,9AM - 12PM,43.0,10.0
,6E5217,2025-07-24,Mumbai(BOM),Bengaluru(BLR),A21N(VT-IWS),01:21:00,2025-07-24 11:30:00,2025-07-24 11:29:00,2025-07-24 13:20:00,,2025-07-24 12:50:00,,,9AM - 12PM,-1.0,-30.0
,6E5217,2025-07-23,Mumbai(BOM),Bengaluru(BLR),A21N(VT-IWT),01:16:00,2025-07-23 11:30:00,2025-07-23 12:06:00,2025-07-23 13:20:00,,2025-07-23 13:22:00,,,9AM - 12PM,36.0,2.0
,6E5217,2025-07-22,Mumbai(BOM),Bengaluru(BLR),A21N(VT-IWU),01:22:00,2025-07-22 11:30:00,2025-07-22 12:04:00,2025-07-22 13:20:00,,2025-07-22 13:25:00,,,9AM - 12PM,34.0,5.0
,6E5217,2025-07-21,Mumbai(BOM),Bengaluru(BLR),A21N(VT-NCQ),01:18:00,2025-07-21 11:30:00,2025-07-21 14:01:00,2025-07-21 13:20:00,,2025-07-21 15:20:00,,,9AM - 12PM,151.0,120.0
,6E5217,2025-07-20,Mumbai(BOM),Bengaluru(BLR),A21N(VT-NCH),01:20:00,2025-07-20 11:30:00,2025-07-20 11:35:00,2025-07-20 13:20:00,,2025-07-20 12:55:00,,,9AM - 12PM,5.0,-25.0
,6E5217,2025-07-19,Mumbai(BOM),Bengaluru(BLR),A21N(VT-NCB),01:22:00,2025-07-19 11:30:00,2025-07-19 11:55:00,2025-07-19 13:20:00,,2025-07-19 13:17:00,,,9AM - 12PM,25.0,-3.0
,6E5217,2025-07-19,,,,,,,,,,,,9AM - 12PM,,
52.0,AI2419,2025-07-19,,,,,,,,,,,,9AM - 12PM,,
,AI2419,2025-07-25,Mumbai(BOM),Delhi(DEL),A20N(VT-TQP),01:45:00,2025-07-25 11:40:00,2025-07-25 12:20:00,2025-07-25 14:00:00,,2025-07-25 14:05:00,,,9AM - 12PM,40.0,5.0
,AI2419,2025-07-24,Mumbai(BOM),Delhi(DEL),A20N(VT-TQE),01:47:00,2025-07-24 11:40:00,2025-07-24 11:49:00,2025-07-24 14:00:00,,2025-07-24 13:35:00,,,9AM - 12PM,9.0,-25.0
,AI2419,2025-07-23,Mumbai(BOM),Delhi(DEL),A20N(VT-TNS),01:46:00,2025-07-23 11:40:00,2025-07-23 12:16:00,2025-07-23 14:00:00,,2025-07-23 14:02:00,,,9AM - 12PM,36.0,2.0
,AI2419,2025-07-22,Mumbai(BOM),Delhi(DEL),A20N(VT-TQC),01:49:00,2025-07-22 11:40:00,2025-07-22 12:11:00,2025-07-22 14:00:00,,2025-07-22 14:00:00,,,9AM - 12PM,31.0,0.0
,AI2419,2025-07-21,Mumbai(BOM),Delhi(DEL),A20N(VT-TQT),01:41:00,2025-07-21 11:40:00,2025-07-21 13:16:00,2025-07-21 14:00:00,,2025-07-21 14:57:00,,,9AM - 12PM,96.0,57.0
,AI2419,2025-07-20,Mumbai(BOM),Delhi(DEL),A20N(VT-EXU),01:42:00,2025-07-20 11:40:00,2025-07-20 11:56:00,2025-07-20 14:00:00,,2025-07-20 13:38:00,,,9AM - 12PM,16.0,-22.0
,AI2419,2025-07-19,Mumbai(BOM),Delhi(DEL),A20N(VT-TNS),01:42:00,2025-07-19 11:40:00,2025-07-19 11:59:00,2025-07-19 14:00:00,,2025-07-19 13:41:00,,,9AM - 12PM,19.0,-19.0
,AI2419,2025-07-19,,,,,,,,,,,,9AM - 12PM,,
53.0,AI2471,2025-07-19,,,,,,,,,,,,9AM - 12PM,,
,AI2471,2025-07-25,Mumbai(BOM),Kolkata(CCU),A20N(VT-TQH),02:27:00,2025-07-25 11:40:00,2025-07-25 12:09:00,2025-07-25 14:30:00,,2025-07-25 14:36:00,,,9AM - 12PM,29.0,6.0
,AI2471,2025-07-24,Mumbai(BOM),Kolkata(CCU),A20N(VT-ATV),02:23:00,2025-07-24 11:40:00,2025-07-24 12:00:00,2025-07-24 14:30:00,,2025-07-24 14:23:00,,,9AM - 12PM,20.0,-7.0
,AI2471,2025-07-23,Mumbai(BOM),Kolkata(CCU),A20N(VT-TQL),02:31:00,2025-07-23 11:40:00,2025-07-23 12:21:00,2025-07-23 14:30:00,,2025-07-23 14:53:00,,,9AM - 12PM,41.0,23.0
,AI2471,2025-07-22,Mumbai(BOM),Kolkata(CCU),A20N(VT-TQE),02:32:00,2025-07-22 11:40:00,2025-07-22 12:10:00,2025-07-22 14:30:00,,2025-07-22 14:42:00,,,9AM - 12PM,30.0,12.0
,AI2471,2025-07-21,Mumbai(BOM),Kolkata(CCU),A20N(VT-TQC),02:28:00,2025-07-21 11:40:00,2025-07-21 13:11:00,2025-07-21 14:30:00,,2025-07-21 15:39:00,,,9AM - 12PM,91.0,69.0
,AI2471,2025-07-20,Mumbai(BOM),Kolkata(CCU),A20N(VT-TQB),02:29:00,2025-07-20 11:40:00,2025-07-20 11:46:00,2025-07-20 14:30:00,,2025-07-20 14:15:00,,,9AM - 12PM,6.0,-15.0
,AI2471,2025-07-19,Mumbai(BOM),Kolkata(CCU),A20N(VT-TNF),02:26:00,2025-07-19 11:40:00,2025-07-19 12:06:00,2025-07-19 14:30:00,,2025-07-19 14:33:00,,,9AM - 12PM,26.0,3.0
,AI2471,2025-07-19,,,,,,,,,,,,9AM - 12PM,,
54.0,SQ421,2025-07-19,,,,,,,,,,,,9AM - 12PM,,
,SQ421,2025-07-25,Mumbai(BOM),Singapore(SIN),B78X(9V-SCB),—,2025-07-25 11:45:00,2025-07-25 13:03:00,2025-07-25 19:50:00,,2025-07-25 20:22:00,,,9AM - 12PM,78.0,32.0
,SQ421,2025-07-24,Mumbai(BOM),Singapore(SIN),B78X(9V-SCG),04:54:00,2025-07-24 11:45:00,2025-07-24 11:52:00,2025-07-24 19:50:00,,2025-07-24 19:16:00,,,9AM - 12PM,7.0,-34.0
,SQ421,2025-07-23,Mumbai(BOM),Singapore(SIN),B78X(9V-SCC),04:52:00,2025-07-23 11:45:00,2025-07-23 12:14:00,2025-07-23 19:50:00,,2025-07-23 19:36:00,,,9AM - 12PM,29.0,-14.0
,SQ421,2025-07-22,Mumbai(BOM),Singapore(SIN),B78X(9V-SCP),05:00:00,2025-07-22 11:45:00,2025-07-22 12:14:00,2025-07-22 19:50:00,,2025-07-22 19:44:00,,,9AM - 12PM,29.0,-6.0
,SQ421,2025-07-21,Mumbai(BOM),Singapore(SIN),B78X(9V-SCN),05:03:00,2025-07-21 11:45:00,2025-07-21 13:43:00,2025-07-21 19:50:00,,2025-07-21 21:15:00,,,9AM - 12PM,118.0,85.0
,SQ421,2025-07-20,Mumbai(BOM),Singapore(SIN),B78X(9V-SCO),04:42:00,2025-07-20 11:45:00,2025-07-20 11:59:00,2025-07-20 19:50:00,,2025-07-20 19:11:00,,,9AM - 12PM,14.0,-39.0
,SQ421,2025-07-19,Mumbai(BOM),Singapore(SIN),B78X(9V-SCS),05:15:00,2025-07-19 11:45:00,2025-07-19 12:12:00,2025-07-19 19:50:00,,2025-07-19 19:57:00,,,9AM - 12PM,27.0,7.0
,SQ421,2025-07-18,Mumbai(BOM),Singapore(SIN),B78X(9V-SCL),04:53:00,2025-07-18 11:45:00,2025-07-18 11:57:00,2025-07-18 19:50:00,,2025-07-18 19:20:00,,,9AM - 12PM,12.0,-30.0
,SQ421,2025-07-18,,,,,,,,,,,,9AM - 12PM,,
55.0,6E5206,2025-07-18,,,,,,,,,,,,9AM - 12PM,,
,6E5206,2025-07-25,Mumbai(BOM),Chennai(MAA),A21N(VT-ICQ),01:29:00,2025-07-25 11:50:00,2025-07-25 12:04:00,2025-07-25 14:05:00,,2025-07-25 13:33:00,,,9AM - 12PM,14.0,-32.0
,6E5206,2025-07-24,Mumbai(BOM),Chennai(MAA),A21N(VT-IMB),01:33:00,2025-07-24 11:50:00,2025-07-24 12:41:00,2025-07-24 14:05:00,,2025-07-24 14:13:00,,,9AM - 12PM,51.0,8.0
,6E5206,2025-07-23,Mumbai(BOM),Chennai(MAA),A21N(VT-ILD),01:36:00,2025-07-23 11:50:00,2025-07-23 12:19:00,2025-07-23 14:05:00,,2025-07-23 13:55:00,,,9AM - 12PM,29.0,-10.0
,6E5206,2025-07-22,Mumbai(BOM),Chennai(MAA),A21N(VT-IRY),01:33:00,2025-07-22 11:50:00,2025-07-22 12:18:00,2025-07-22 13:50:00,,2025-07-22 13:51:00,,,9AM - 12PM,28.0,1.0
,6E5206,2025-07-21,Mumbai(BOM),Chennai(MAA),A21N(VT-IBY),01:35:00,2025-07-21 11:50:00,2025-07-21 13:33:00,2025-07-21 14:05:00,,2025-07-21 15:09:00,,,9AM - 12PM,103.0,64.0
,6E5206,2025-07-20,Mumbai(BOM),Chennai(MAA),A21N(VT-ILH),01:38:00,2025-07-20 11:50:00,2025-07-20 12:25:00,2025-07-20 14:05:00,,2025-07-20 14:03:00,,,9AM - 12PM,35.0,-2.0
,6E5206,2025-07-19,Mumbai(BOM),Chennai(MAA),A21N(VT-IML),01:38:00,2025-07-19 11:50:00,2025-07-19 12:04:00,2025-07-19 13:50:00,,2025-07-19 13:42:00,,,9AM - 12PM,14.0,-8.0
,6E5206,2025-07-19,,,,,,,,,,,,9AM - 12PM,,
56.0,6E5097,2025-07-19,,,,,,,,,,,,9AM - 12PM,,
,6E5097,2025-07-25,Mumbai(BOM),Hyderabad(HYD),A21N(VT-ICW),01:06:00,2025-07-25 11:55:00,2025-07-25 12:50:00,2025-07-25 13:35:00,,2025-07-25 13:56:00,,,9AM - 12PM,55.0,21.0
,6E5097,2025-07-24,Mumbai(BOM),Hyderabad(HYD),A21N(VT-ILO),01:08:00,2025-07-24 11:55:00,2025-07-24 12:18:00,2025-07-24 13:35:00,,2025-07-24 13:26:00,,,9AM - 12PM,23.0,-9.0
,6E5097,2025-07-23,Mumbai(BOM),Hyderabad(HYD),A21N(VT-IML),01:11:00,2025-07-23 11:55:00,2025-07-23 12:34:00,2025-07-23 13:35:00,,2025-07-23 13:46:00,,,9AM - 12PM,39.0,11.0
,6E5097,2025-07-22,Mumbai(BOM),Hyderabad(HYD),A21N(VT-ILG),01:15:00,2025-07-22 11:55:00,2025-07-22 12:25:00,2025-07-22 13:35:00,,2025-07-22 13:40:00,,,9AM - 12PM,30.0,5.0
,6E5097,2025-07-21,Mumbai(BOM),Hyderabad(HYD),A21N(VT-IUO),01:06:00,2025-07-21 11:55:00,2025-07-21 14:00:00,2025-07-21 13:35:00,,2025-07-21 15:06:00,,,9AM - 12PM,125.0,91.0
,6E5097,2025-07-20,Mumbai(BOM),Hyderabad(HYD),A21N(VT-ICG),01:11:00,2025-07-20 11:55:00,2025-07-20 12:07:00,2025-07-20 13:35:00,,2025-07-20 13:17:00,,,9AM - 12PM,12.0,-18.0
,6E5097,2025-07-19,Mumbai(BOM),Hyderabad(HYD),A21N(VT-ICG),01:05:00,2025-07-19 11:55:00,2025-07-19 12:17:00,2025-07-19 13:35:00,,2025-07-19 13:22:00,,,9AM - 12PM,22.0,-13.0
,6E5097,2025-07-19,,,,,,,,,,,,9AM - 12PM,,
57.0,AI2503,2025-07-19,,,,,,,,,,,,9AM - 12PM,,
,AI2503,2025-07-25,Mumbai(BOM),Coimbatore(CJB),A321(VT-PPV),01:31:00,2025-07-25 12:00:00,2025-07-25 12:27:00,2025-07-25 13:45:00,,2025-07-25 13:59:00,,,9AM - 12PM,27.0,14.0
,AI2503,2025-07-24,Mumbai(BOM),Coimbatore(CJB),A20N(VT-RTL),01:33:00,2025-07-24 12:00:00,2025-07-24 12:15:00,2025-07-24 13:45:00,,2025-07-24 13:48:00,,,9AM - 12PM,15.0,3.0
,AI2503,2025-07-23,Mumbai(BOM),Coimbatore(CJB),A20N(VT-RTN),01:34:00,2025-07-23 12:00:00,2025-07-23 12:29:00,2025-07-23 13:45:00,,2025-07-23 14:03:00,,,9AM - 12PM,29.0,18.0
,AI2503,2025-07-22,Mumbai(BOM),Coimbatore(CJB),A20N(VT-RTN),01:31:00,2025-07-22 12:00:00,2025-07-22 12:29:00,2025-07-22 13:45:00,,2025-07-22 14:00:00,,,9AM - 12PM,29.0,15.0
,AI2503,2025-07-21,Mumbai(BOM),Coimbatore(CJB),A20N(VT-RTK),01:29:00,2025-07-21 12:00:00,2025-07-21 13:35:00,2025-07-21 13:45:00,,2025-07-21 15:04:00,,,9AM - 12PM,95.0,79.0
,AI2503,2025-07-20,Mumbai(BOM),Coimbatore(CJB),A20N(VT-RTN),01:36:00,2025-07-20 12:00:00,2025-07-20 12:05:00,2025-07-20 13:45:00,,2025-07-20 13:41:00,,,9AM - 12PM,5.0,-4.0
,AI2503,2025-07-19,Mumbai(BOM),Coimbatore(CJB),A20N(VT-EXQ),01:27:00,2025-07-19 12:00:00,2025-07-19 12:19:00,2025-07-19 13:45:00,,2025-07-19 13:47:00,,,9AM - 12PM,19.0,2.0
,AI2503,2025-07-19,,,,,,,,,,,,9AM - 12PM,,
58.0,6E5276,2025-07-19,,,,,,,,,,,,9AM - 12PM,,
,6E5276,2025-07-25,Mumbai(BOM),Gwalior(GWL),A320(VT-IAR),01:31:00,2025-07-25 12:00:00,2025-07-25 12:16:00,2025-07-25 14:00:00,,2025-07-25 13:46:00,,,9AM - 12PM,16.0,-14.0
,6E5276,2025-07-24,Mumbai(BOM),Gwalior(GWL),A320(VT-IAX),01:33:00,2025-07-24 12:00:00,2025-07-24 12:32:00,2025-07-24 14:00:00,,2025-07-24 14:04:00,,,9AM - 12PM,32.0,4.0
,6E5276,2025-07-23,Mumbai(BOM),Gwalior(GWL),A20N(VT-IQG),01:31:00,2025-07-23 12:00:00,2025-07-23 12:37:00,2025-07-23 14:00:00,,2025-07-23 14:08:00,,,9AM - 12PM,37.0,8.0
,6E5276,2025-07-22,Mumbai(BOM),Gwalior(GWL),A20N(VT-IIH),01:38:00,2025-07-22 12:00:00,2025-07-22 12:27:00,2025-07-22 14:00:00,,2025-07-22 14:04:00,,,9AM - 12PM,27.0,4.0
,6E5276,2025-07-21,Mumbai(BOM),Gwalior(GWL),A20N(VT-IIS),01:32:00,2025-07-21 12:00:00,2025-07-21 13:48:00,2025-07-21 14:00:00,,2025-07-21 15:19:00,,,9AM - 12PM,108.0,79.0
,6E5276,2025-07-20,Mumbai(BOM),Gwalior(GWL),A20N(VT-IVY),01:30:00,2025-07-20 12:00:00,2025-07-20 12:04:00,2025-07-20 14:00:00,,2025-07-20 13:34:00,,,9AM - 12PM,4.0,-26.0
,6E5276,2025-07-19,Mumbai(BOM),Gwalior(GWL),A20N(VT-IVY),01:29:00,2025-07-19 12:00:00,2025-07-19 12:09:00,2025-07-19 14:00:00,,2025-07-19 13:37:00,,,9AM - 12PM,9.0,-23.0
